brand,model,year,total_complaints,drivetrain_score,electrical_score,engine_score,overall_score
Toyota,Camry,2000,538,64.53,79.73,72.13,72.13
Toyota,Camry,2001,334,65.8,94.93,73.4,78.04
Toyota,Camry,2002,1043,65.8,78.47,18.93,54.4
Toyota,Camry,2003,815,67.07,89.87,43.0,66.65
Toyota,Camry,2004,798,65.8,89.87,25.27,60.31
Toyota,Camry,2005,719,67.07,88.6,34.13,63.27
Toyota,Camry,2006,428,67.07,93.67,73.4,78.05
Toyota,Camry,2008,1174,64.53,87.33,53.13,68.33
Toyota,Camry,2009,1407,63.27,75.93,27.8,55.67
Toyota,Camry,2010,608,65.8,94.93,84.8,81.84
Toyota,Camry,2011,617,67.07,89.87,86.07,81.0
Toyota,Camry,2012,641,67.07,88.6,59.47,71.71
Toyota,Camry,2013,300,63.27,94.93,70.87,76.36
Toyota,Camry,2014,6,100.0,98.73,100.0,99.58
Toyota,Camry,2015,264,67.07,81.0,77.2,75.09
Toyota,Camry,2016,178,68.33,89.87,91.13,83.11
Toyota,Camry,2017,145,67.07,78.47,86.07,77.2
Toyota,Camry,2018,698,64.53,81.0,26.53,57.35
Toyota,Camry,2019,361,68.33,84.8,36.67,63.27
Toyota,Camry,2020,255,67.07,63.27,36.67,55.67
Toyota,Camry,2021,146,77.2,97.47,92.4,89.02
Toyota,Camry,2022,46,87.33,100.0,97.47,94.93
Toyota,Camry,2023,49,86.07,98.73,94.93,93.24
Toyota,Camry,2024,41,91.13,100.0,98.73,96.62
Toyota,Camry,2025,107,73.4,89.87,100.0,87.76
Toyota,Corolla,2000,156,70.87,96.2,88.6,85.22
Toyota,Corolla,2001,138,70.87,100.0,82.27,84.38
Toyota,Corolla,2002,149,68.33,98.73,91.13,86.06
Toyota,Corolla,2003,767,62.0,94.93,73.4,76.78
Toyota,Corolla,2004,504,65.8,82.27,83.53,77.2
Toyota,Corolla,2005,937,64.53,77.2,40.47,60.73
Toyota,Corolla,2006,902,68.33,82.27,63.27,71.29
Toyota,Corolla,2007,882,63.27,77.2,48.07,62.85
Toyota,Corolla,2008,344,65.8,91.13,78.47,78.47
Toyota,Corolla,2009,1533,60.73,35.4,16.4,37.51
Toyota,Corolla,2010,1258,62.0,74.67,68.33,68.33
Toyota,Corolla,2011,589,67.07,93.67,75.93,78.89
Toyota,Corolla,2012,445,75.93,100.0,96.2,90.71
Toyota,Corolla,2013,201,64.53,96.2,89.87,83.53
Toyota,Corolla,2014,265,67.07,89.87,79.73,78.89
Toyota,Corolla,2015,215,65.8,97.47,84.8,82.69
Toyota,Corolla,2016,208,65.8,94.93,89.87,83.53
Toyota,Corolla,2017,185,67.07,94.93,88.6,83.53
Toyota,Corolla,2018,131,73.4,94.93,62.0,76.78
Toyota,Corolla,2019,196,65.8,87.33,29.07,60.73
Toyota,Corolla,2020,293,68.33,82.27,50.6,67.07
Toyota,Corolla,2021,169,72.13,92.4,63.27,75.93
Toyota,Corolla,2022,83,82.27,88.6,86.07,85.65
Toyota,Corolla,2023,68,82.27,98.73,89.87,90.29
Toyota,Corolla,2024,55,87.33,96.2,93.67,92.4
Toyota,Corolla,2025,19,93.67,100.0,100.0,97.89
Toyota,RAV4,2000,41,93.67,98.73,98.73,97.04
Toyota,RAV4,2001,323,68.33,97.47,63.27,76.36
Toyota,RAV4,2002,555,68.33,93.67,59.47,73.82
Toyota,RAV4,2003,326,68.33,92.4,58.2,72.98
Toyota,RAV4,2004,151,74.67,96.2,72.13,81.0
Toyota,RAV4,2005,141,75.93,97.47,88.6,87.33
Toyota,RAV4,2006,703,63.27,82.27,50.6,65.38
Toyota,RAV4,2007,1002,62.0,56.93,43.0,53.98
Toyota,RAV4,2008,574,64.53,70.87,55.67,63.69
Toyota,RAV4,2009,323,65.8,94.93,77.2,79.31
Toyota,RAV4,2010,398,67.07,88.6,78.47,78.05
Toyota,RAV4,2011,284,67.07,92.4,88.6,82.69
Toyota,RAV4,2012,264,68.33,87.33,81.0,78.89
Toyota,RAV4,2013,251,68.33,65.8,77.2,70.44
Toyota,RAV4,2014,191,75.93,64.53,88.6,76.35
Toyota,RAV4,2015,299,68.33,65.8,70.87,68.33
Toyota,RAV4,2016,231,67.07,72.13,87.33,75.51
Toyota,RAV4,2017,299,64.53,59.47,79.73,67.91
Toyota,RAV4,2018,319,68.33,50.6,74.67,64.53
Toyota,RAV4,2019,851,65.8,74.67,29.07,56.51
Toyota,RAV4,2020,608,68.33,65.8,46.8,60.31
Toyota,RAV4,2021,351,68.33,74.67,70.87,71.29
Toyota,RAV4,2022,116,82.27,83.53,88.6,84.8
Toyota,RAV4,2023,125,67.07,92.4,91.13,83.53
Toyota,RAV4,2024,141,67.07,86.07,96.2,83.11
Toyota,RAV4,2025,52,91.13,96.2,94.93,94.09
Toyota,Tacoma,2000,221,67.07,97.47,96.2,86.91
Toyota,Tacoma,2001,413,68.33,98.73,93.67,86.91
Toyota,Tacoma,2002,360,65.8,96.2,93.67,85.22
Toyota,Tacoma,2003,371,62.0,97.47,84.8,81.42
Toyota,Tacoma,2004,414,63.27,94.93,81.0,79.73
Toyota,Tacoma,2005,706,60.73,93.67,67.07,73.82
Toyota,Tacoma,2006,781,63.27,100.0,67.07,76.78
Toyota,Tacoma,2007,540,65.8,100.0,74.67,80.16
Toyota,Tacoma,2008,442,60.73,97.47,81.0,79.73
Toyota,Tacoma,2009,515,62.0,100.0,64.53,75.51
Toyota,Tacoma,2011,180,77.2,100.0,93.67,90.29
Toyota,Tacoma,2012,294,68.33,96.2,82.27,82.27
Toyota,Tacoma,2013,123,67.07,96.2,89.87,84.38
Toyota,Tacoma,2014,90,75.93,100.0,94.93,90.29
Toyota,Tacoma,2015,95,78.47,98.73,93.67,90.29
Toyota,Tacoma,2016,319,67.07,91.13,64.53,74.24
Toyota,Tacoma,2017,228,68.33,97.47,70.87,78.89
Toyota,Tacoma,2018,192,68.33,98.73,62.0,76.35
Toyota,Tacoma,2019,205,68.33,98.73,60.73,75.93
Toyota,Tacoma,2020,83,69.6,96.2,73.4,79.73
Toyota,Tacoma,2021,71,75.93,96.2,83.53,85.22
Toyota,Tacoma,2022,51,86.07,100.0,97.47,94.51
Toyota,Tacoma,2023,45,91.13,100.0,97.47,96.2
Toyota,Tacoma,2024,130,67.07,98.73,94.93,86.91
Toyota,Tacoma,2025,44,91.13,100.0,97.47,96.2
Toyota,4Runner,2000,494,64.53,93.67,82.27,80.16
Toyota,4Runner,2001,190,70.87,98.73,92.4,87.33
Toyota,4Runner,2002,251,67.07,97.47,88.6,84.38
Toyota,4Runner,2003,707,62.0,97.47,67.07,75.51
Toyota,4Runner,2004,677,59.47,94.93,53.13,69.18
Toyota,4Runner,2005,423,64.53,94.93,70.87,76.78
Toyota,4Runner,2006,378,64.53,97.47,79.73,80.58
Toyota,4Runner,2007,154,68.33,97.47,89.87,85.22
Toyota,4Runner,2008,96,65.8,100.0,97.47,87.76
Toyota,4Runner,2009,22,96.2,100.0,98.73,98.31
Toyota,4Runner,2010,145,73.4,97.47,97.47,89.45
Toyota,4Runner,2011,162,86.07,100.0,94.93,93.67
Toyota,4Runner,2012,96,87.33,100.0,93.67,93.67
Toyota,4Runner,2013,35,92.4,100.0,94.93,95.78
Toyota,4Runner,2014,75,89.87,100.0,86.07,91.98
Toyota,4Runner,2015,85,88.6,98.73,87.33,91.55
Toyota,4Runner,2016,75,86.07,96.2,96.2,92.82
Toyota,4Runner,2017,35,88.6,100.0,97.47,95.36
Toyota,4Runner,2018,57,88.6,98.73,84.8,90.71
Toyota,4Runner,2019,62,93.67,100.0,84.8,92.82
Toyota,4Runner,2020,31,92.4,98.73,98.73,96.62
Toyota,4Runner,2021,32,92.4,100.0,98.73,97.04
Toyota,4Runner,2022,38,91.13,100.0,100.0,97.04
Toyota,4Runner,2023,29,93.67,100.0,100.0,97.89
Toyota,4Runner,2024,8,97.47,100.0,100.0,99.16
Toyota,4Runner,2025,40,69.6,100.0,100.0,89.87
Honda,Civic,2000,299,64.53,94.93,37.93,65.8
Honda,Civic,2001,1128,59.47,78.47,15.13,51.02
Honda,Civic,2002,717,67.07,84.8,34.13,62.0
Honda,Civic,2003,524,67.07,63.27,31.6,53.98
Honda,Civic,2004,350,63.27,81.0,60.73,68.33
Honda,Civic,2005,314,65.8,78.47,64.53,69.6
Honda,Civic,2006,1402,36.67,46.8,8.8,30.76
Honda,Civic,2007,1203,34.13,62.0,30.33,42.15
Honda,Civic,2008,913,58.2,62.0,40.47,53.56
Honda,Civic,2009,393,64.53,62.0,70.87,65.8
Honda,Civic,2010,395,64.53,94.93,83.53,81.0
Honda,Civic,2011,168,65.8,94.93,93.67,84.8
Honda,Civic,2012,452,65.8,49.33,67.07,60.73
Honda,Civic,2013,311,62.0,81.0,79.73,74.24
Honda,Civic,2014,284,67.07,86.07,70.87,74.67
Honda,Civic,2015,373,62.0,74.67,75.93,70.87
Honda,Civic,2016,1022,63.27,59.47,49.33,57.36
Honda,Civic,2017,555,63.27,62.0,51.87,59.05
Honda,Civic,2018,603,68.33,78.47,50.6,65.8
Honda,Civic,2019,355,62.0,79.73,56.93,66.22
Honda,Civic,2020,206,67.07,92.4,62.0,73.82
Honda,Civic,2021,122,67.07,96.2,93.67,85.65
Honda,Civic,2022,867,67.07,91.13,84.8,81.0
Honda,Accord,2000,1214,62.0,51.87,29.07,47.65
Honda,Accord,2001,941,55.67,78.47,43.0,59.05
Honda,Accord,2002,1066,63.27,88.6,18.93,56.93
Honda,Accord,2003,2010,62.0,70.87,8.8,47.22
Honda,Accord,2004,1015,63.27,67.07,22.73,51.02
Honda,Accord,2005,686,64.53,56.93,30.33,50.6
Honda,Accord,2006,430,59.47,82.27,81.0,74.25
Honda,Accord,2007,524,63.27,84.8,59.47,69.18
Honda,Accord,2008,1515,63.27,43.0,44.27,50.18
Honda,Accord,2009,719,60.73,77.2,44.27,60.73
Honda,Accord,2010,578,55.67,88.6,48.07,64.11
Honda,Accord,2011,295,73.4,93.67,77.2,81.42
Honda,Accord,2012,376,55.67,89.87,73.4,72.98
Honda,Accord,2013,1405,49.33,5.0,29.07,27.8
Honda,Accord,2014,961,60.73,5.0,31.6,32.44
Honda,Accord,2015,585,67.07,5.0,29.07,33.71
Honda,Accord,2016,569,67.07,32.87,41.73,47.22
Honda,Accord,2017,510,64.53,48.07,48.07,53.56
Honda,Accord,2018,1680,64.53,55.67,5.0,41.73
Honda,Accord,2019,590,63.27,68.33,5.0,45.53
Honda,Accord,2020,316,65.8,89.87,26.53,60.73
Honda,Accord,2021,181,65.8,87.33,50.6,67.91
Honda,Accord,2022,157,67.07,93.67,68.33,76.36
Honda,CR-V,2000,141,93.67,100.0,84.8,92.82
Honda,CR-V,2001,151,84.8,96.2,74.67,85.22
Honda,CR-V,2002,526,67.07,92.4,44.27,67.91
Honda,CR-V,2003,493,67.07,86.07,51.87,68.34
Honda,CR-V,2004,500,67.07,84.8,59.47,70.45
Honda,CR-V,2005,477,67.07,88.6,81.0,78.89
Honda,CR-V,2006,398,68.33,87.33,81.0,78.89
Honda,CR-V,2007,884,64.53,70.87,64.53,66.64
Honda,CR-V,2008,958,67.07,69.6,68.33,68.33
Honda,CR-V,2009,385,75.93,88.6,86.07,83.53
Honda,CR-V,2010,477,67.07,84.8,72.13,74.67
Honda,CR-V,2011,547,68.33,87.33,84.8,80.15
Honda,CR-V,2012,393,65.8,36.67,77.2,59.89
Honda,CR-V,2013,377,64.53,67.07,68.33,66.64
Honda,CR-V,2014,580,64.53,51.87,56.93,57.78
Honda,CR-V,2015,658,65.8,30.33,37.93,44.69
Honda,CR-V,2016,386,67.07,58.2,45.53,56.93
Honda,CR-V,2017,1692,68.33,41.73,5.0,38.35
Honda,CR-V,2018,1989,62.0,64.53,5.0,43.84
Honda,CR-V,2019,1014,65.8,60.73,26.53,51.02
Honda,CR-V,2020,302,67.07,78.47,62.0,69.18
Honda,CR-V,2021,261,68.33,91.13,51.87,70.44
Honda,CR-V,2022,182,68.33,91.13,87.33,82.26
Honda,CR-V,2023,486,68.33,87.33,65.8,73.82
Honda,CR-V,2024,349,68.33,91.13,54.4,71.29
Honda,CR-V,2025,194,67.07,87.33,72.13,75.51
Honda,Pilot,2003,745,59.47,91.13,41.73,64.11
Honda,Pilot,2004,544,67.07,96.2,60.73,74.67
Honda,Pilot,2005,678,64.53,73.4,25.27,54.4
Honda,Pilot,2006,266,67.07,92.4,59.47,72.98
Honda,Pilot,2007,211,68.33,94.93,81.0,81.42
Honda,Pilot,2008,132,81.0,100.0,93.67,91.56
Honda,Pilot,2009,134,68.33,97.47,86.07,83.96
Honda,Pilot,2010,111,75.93,98.73,84.8,86.49
Honda,Pilot,2011,289,62.0,86.07,73.4,73.82
Honda,Pilot,2012,169,65.8,88.6,68.33,74.24
Honda,Pilot,2013,265,62.0,98.73,59.47,73.4
Honda,Pilot,2014,114,69.6,97.47,65.8,77.62
Honda,Pilot,2015,105,82.27,97.47,74.67,84.8
Honda,Pilot,2016,1613,63.27,16.4,5.0,28.22
Honda,Pilot,2017,864,67.07,40.47,25.27,44.27
Honda,Pilot,2018,416,68.33,62.0,43.0,57.78
Honda,Pilot,2019,815,68.33,46.8,36.67,50.6
Honda,Pilot,2020,444,68.33,62.0,50.6,60.31
Honda,Pilot,2021,374,68.33,50.6,63.27,60.73
Honda,Pilot,2022,112,68.33,89.87,86.07,81.42
Honda,Pilot,2023,96,69.6,97.47,88.6,85.22
Honda,Pilot,2024,86,72.13,96.2,93.67,87.33
Honda,Pilot,2025,123,68.33,92.4,93.67,84.8
Honda,Ridgeline,2003,0,100.0,100.0,100.0,100.0
Honda,Ridgeline,2004,0,100.0,100.0,100.0,100.0
Honda,Ridgeline,2005,0,100.0,100.0,100.0,100.0
Honda,Ridgeline,2006,240,73.4,91.13,51.87,72.13
Honda,Ridgeline,2007,160,86.07,96.2,78.47,86.91
Honda,Ridgeline,2008,140,91.13,98.73,94.93,94.93
Honda,Ridgeline,2009,35,97.47,100.0,96.2,97.89
Honda,Ridgeline,2010,42,88.6,100.0,100.0,96.2
Honda,Ridgeline,2011,39,100.0,100.0,100.0,100.0
Honda,Ridgeline,2012,24,96.2,98.73,100.0,98.31
Honda,Ridgeline,2013,45,94.93,100.0,98.73,97.89
Honda,Ridgeline,2014,33,94.93,98.73,98.73,97.46
Honda,Ridgeline,2015,2,100.0,100.0,100.0,100.0
Honda,Ridgeline,2016,0,100.0,100.0,100.0,100.0
Honda,Ridgeline,2017,323,68.33,83.53,58.2,70.02
Honda,Ridgeline,2018,154,89.87,93.67,63.27,82.27
Honda,Ridgeline,2019,225,77.2,91.13,67.07,78.47
Honda,Ridgeline,2020,158,72.13,74.67,87.33,78.04
Honda,Ridgeline,2021,91,79.73,97.47,93.67,90.29
Honda,Ridgeline,2022,109,75.93,94.93,88.6,86.49
Honda,Ridgeline,2023,110,89.87,94.93,92.4,92.4
Honda,Ridgeline,2024,43,88.6,97.47,100.0,95.36
Honda,Ridgeline,2025,47,86.07,100.0,98.73,94.93
Subaru,Forester,2000,79,70.87,100.0,88.6,86.49
Subaru,Forester,2001,146,45.53,97.47,73.4,72.13
Subaru,Forester,2002,93,65.8,100.0,81.0,82.27
Subaru,Forester,2003,191,69.6,97.47,69.6,78.89
Subaru,Forester,2004,219,68.33,97.47,78.47,81.42
Subaru,Forester,2005,93,78.47,97.47,93.67,89.87
Subaru,Forester,2006,88,79.73,98.73,86.07,88.18
Subaru,Forester,2007,72,82.27,100.0,89.87,90.71
Subaru,Forester,2008,50,87.33,97.47,93.67,92.82
Subaru,Forester,2009,178,64.53,98.73,79.73,81.0
Subaru,Forester,2010,261,68.33,98.73,65.8,77.62
Subaru,Forester,2011,147,69.6,93.67,78.47,80.58
Subaru,Forester,2012,104,72.13,94.93,91.13,86.06
Subaru,Forester,2013,77,83.53,98.73,88.6,90.29
Subaru,Forester,2014,402,54.4,84.8,54.4,64.53
Subaru,Forester,2015,605,45.53,60.73,37.93,48.06
Subaru,Forester,2016,400,63.27,59.47,40.47,54.4
Subaru,Forester,2017,565,64.53,62.0,50.6,59.04
Subaru,Forester,2018,480,63.27,64.53,60.73,62.84
Subaru,Forester,2019,828,65.8,53.13,29.07,49.33
Subaru,Forester,2020,588,68.33,58.2,50.6,59.04
Subaru,Forester,2021,199,70.87,70.87,86.07,75.94
Subaru,Forester,2022,91,83.53,94.93,94.93,91.13
Subaru,Forester,2023,65,87.33,94.93,98.73,93.66
Subaru,Forester,2024,26,96.2,100.0,98.73,98.31
Subaru,Forester,2025,61,92.4,98.73,98.73,96.62
Subaru,Outback,2000,215,63.27,96.2,56.93,72.13
Subaru,Outback,2001,170,67.07,97.47,75.93,80.16
Subaru,Outback,2002,153,68.33,98.73,54.4,73.82
Subaru,Outback,2003,95,79.73,98.73,72.13,83.53
Subaru,Outback,2004,90,75.93,94.93,86.07,85.64
Subaru,Outback,2005,273,48.07,88.6,84.8,73.82
Subaru,Outback,2006,280,58.2,97.47,59.47,71.71
Subaru,Outback,2007,129,68.33,100.0,82.27,83.53
Subaru,Outback,2008,228,58.2,91.13,79.73,76.35
Subaru,Outback,2009,110,81.0,98.73,82.27,87.33
Subaru,Outback,2010,359,65.8,94.93,43.0,67.91
Subaru,Outback,2011,647,65.8,83.53,25.27,58.2
Subaru,Outback,2012,290,65.8,86.07,44.27,65.38
Subaru,Outback,2013,293,64.53,93.67,67.07,75.09
Subaru,Outback,2014,207,67.07,87.33,73.4,75.93
Subaru,Outback,2015,498,50.6,43.0,78.47,57.36
Subaru,Outback,2016,630,64.53,25.27,56.93,48.91
Subaru,Outback,2017,909,67.07,22.73,54.4,48.07
Subaru,Outback,2018,787,64.53,50.6,59.47,58.2
Subaru,Outback,2019,1023,64.53,34.13,51.87,50.18
Subaru,Outback,2020,887,63.27,40.47,67.07,56.94
Subaru,Outback,2021,284,70.87,64.53,83.53,72.98
Subaru,Outback,2022,439,70.87,70.87,91.13,77.62
Subaru,Outback,2023,83,79.73,93.67,97.47,90.29
Subaru,Outback,2024,2,98.73,100.0,100.0,99.58
Subaru,Outback,2025,54,87.33,98.73,96.2,94.09
Subaru,Crosstrek,2012,2,100.0,100.0,98.73,99.58
Subaru,Crosstrek,2013,25,96.2,98.73,97.47,97.47
Subaru,Crosstrek,2016,131,78.47,83.53,58.2,73.4
Subaru,Crosstrek,2017,97,75.93,91.13,69.6,78.89
Subaru,Crosstrek,2018,192,78.47,79.73,78.47,78.89
Subaru,Crosstrek,2019,274,81.0,62.0,74.67,72.56
Subaru,Crosstrek,2020,64,96.2,89.87,93.67,93.25
Subaru,Crosstrek,2021,100,82.27,88.6,89.87,86.91
Subaru,Crosstrek,2022,28,93.67,94.93,98.73,95.78
Subaru,Crosstrek,2023,29,92.4,100.0,98.73,97.04
Subaru,Crosstrek,2024,100,83.53,100.0,97.47,93.67
Subaru,Crosstrek,2025,30,97.47,100.0,98.73,98.73
Subaru,Impreza,2000,42,79.73,100.0,98.73,92.82
Subaru,Impreza,2001,11,94.93,98.73,100.0,97.89
Subaru,Impreza,2002,300,63.27,98.73,73.4,78.47
Subaru,Impreza,2003,64,81.0,100.0,89.87,90.29
Subaru,Impreza,2004,96,87.33,98.73,92.4,92.82
Subaru,Impreza,2005,75,89.87,98.73,93.67,94.09
Subaru,Impreza,2006,56,87.33,100.0,96.2,94.51
Subaru,Impreza,2007,68,89.87,98.73,88.6,92.4
Subaru,Impreza,2008,209,67.07,97.47,91.13,85.22
Subaru,Impreza,2009,112,68.33,97.47,84.8,83.53
Subaru,Impreza,2010,46,89.87,93.67,88.6,90.71
Subaru,Impreza,2011,57,87.33,97.47,93.67,92.82
Subaru,Impreza,2012,241,65.8,91.13,82.27,79.73
Subaru,Impreza,2013,247,68.33,93.67,67.07,76.36
Subaru,Impreza,2014,106,86.07,96.2,81.0,87.76
Subaru,Impreza,2015,78,83.53,96.2,70.87,83.53
Subaru,Impreza,2016,74,79.73,94.93,65.8,80.15
Subaru,Impreza,2017,124,82.27,91.13,89.87,87.76
Subaru,Impreza,2018,148,92.4,89.87,87.33,89.87
Subaru,Impreza,2019,187,89.87,89.87,93.67,91.14
Subaru,Impreza,2020,83,94.93,96.2,98.73,96.62
Subaru,Impreza,2021,14,96.2,100.0,98.73,98.31
Subaru,Impreza,2022,12,98.73,98.73,98.73,98.73
Subaru,Impreza,2023,4,100.0,100.0,100.0,100.0
Subaru,Impreza,2024,26,93.67,100.0,97.47,97.05
Subaru,Impreza,2025,3,100.0,100.0,100.0,100.0
Subaru,WRX,2002,426,65.8,100.0,83.53,83.11
Subaru,WRX,2003,60,73.4,100.0,94.93,89.44
Subaru,WRX,2004,42,98.73,100.0,100.0,99.58
Subaru,WRX,2005,19,98.73,100.0,98.73,99.15
Subaru,WRX,2006,14,100.0,100.0,98.73,99.58
Subaru,WRX,2007,0,100.0,100.0,100.0,100.0
Subaru,WRX,2008,65,68.33,100.0,98.73,89.02
Subaru,WRX,2009,41,70.87,100.0,97.47,89.45
Subaru,WRX,2010,1,98.73,100.0,100.0,99.58
Subaru,WRX,2011,4,98.73,100.0,100.0,99.58
Subaru,WRX,2012,2,98.73,100.0,100.0,99.58
Subaru,WRX,2013,7,98.73,100.0,97.47,98.73
Subaru,WRX,2014,6,96.2,98.73,98.73,97.89
Subaru,WRX,2015,52,96.2,93.67,92.4,94.09
Subaru,WRX,2016,34,96.2,94.93,93.67,94.93
Subaru,WRX,2017,51,96.2,91.13,93.67,93.67
Subaru,WRX,2018,40,98.73,93.67,89.87,94.09
Subaru,WRX,2019,27,100.0,88.6,94.93,94.51
Subaru,WRX,2020,17,97.47,93.67,100.0,97.05
Subaru,WRX,2021,12,98.73,100.0,96.2,98.31
Subaru,WRX,2022,22,97.47,100.0,100.0,99.16
Subaru,WRX,2023,6,98.73,100.0,98.73,99.15
Subaru,WRX,2024,13,96.2,100.0,100.0,98.73
Subaru,WRX,2025,1,100.0,100.0,100.0,100.0
Subaru,Ascent,2019,431,65.8,50.6,74.67,63.69
Subaru,Ascent,2020,310,65.8,58.2,81.0,68.33
Subaru,Ascent,2021,93,87.33,84.8,96.2,89.44
Subaru,Ascent,2022,50,79.73,98.73,96.2,91.55
Subaru,Ascent,2023,36,87.33,98.73,100.0,95.35
Subaru,Ascent,2024,43,96.2,100.0,100.0,98.73
Subaru,Ascent,2025,8,100.0,100.0,100.0,100.0
Nissan,Altima,2000,181,73.4,93.67,60.73,75.93
Nissan,Altima,2001,174,78.47,88.6,63.27,76.78
Nissan,Altima,2002,1063,64.53,68.33,5.0,45.95
Nissan,Altima,2003,883,68.33,50.6,5.0,41.31
Nissan,Altima,2004,276,70.87,91.13,44.27,68.76
Nissan,Altima,2005,1089,64.53,56.93,11.33,44.26
Nissan,Altima,2006,824,67.07,62.0,21.47,50.18
Nissan,Altima,2007,497,65.8,74.67,54.4,64.96
Nissan,Altima,2008,1027,68.33,65.8,51.87,62.0
Nissan,Altima,2009,1547,63.27,30.33,32.87,42.16
Nissan,Altima,2010,378,68.33,56.93,63.27,62.84
Nissan,Altima,2011,240,73.4,82.27,77.2,77.62
Nissan,Altima,2012,421,65.8,82.27,48.07,65.38
Nissan,Altima,2013,2301,64.53,43.0,46.8,51.44
Nissan,Altima,2014,1098,65.8,74.67,48.07,62.85
Nissan,Altima,2015,936,65.8,72.13,69.6,69.18
Nissan,Altima,2016,541,64.53,79.73,60.73,68.33
Nissan,Altima,2017,375,65.8,94.93,72.13,77.62
Nissan,Altima,2018,218,67.07,89.87,92.4,83.11
Nissan,Altima,2019,211,67.07,86.07,78.47,77.2
Nissan,Altima,2020,165,75.93,92.4,89.87,86.07
Nissan,Altima,2021,56,79.73,97.47,100.0,92.4
Nissan,Altima,2022,20,94.93,97.47,100.0,97.47
Nissan,Altima,2023,24,94.93,93.67,97.47,95.36
Nissan,Altima,2024,34,96.2,100.0,98.73,98.31
Nissan,Altima,2025,5,100.0,100.0,100.0,100.0
Nissan,Sentra,2000,182,74.67,97.47,68.33,80.16
Nissan,Sentra,2001,248,65.8,88.6,56.93,70.44
Nissan,Sentra,2002,333,68.33,87.33,29.07,61.58
Nissan,Sentra,2003,180,84.8,88.6,39.2,70.87
Nissan,Sentra,2004,197,78.47,92.4,36.67,69.18
Nissan,Sentra,2005,170,82.27,94.93,26.53,67.91
Nissan,Sentra,2006,116,83.53,96.2,82.27,87.33
Nissan,Sentra,2007,153,67.07,93.67,79.73,80.16
Nissan,Sentra,2008,167,68.33,98.73,81.0,82.69
Nissan,Sentra,2009,55,82.27,93.67,94.93,90.29
Nissan,Sentra,2010,144,83.53,64.53,83.53,77.2
Nissan,Sentra,2011,141,68.33,78.47,69.6,72.13
Nissan,Sentra,2012,180,73.4,88.6,74.67,78.89
Nissan,Sentra,2013,634,65.8,91.13,50.6,69.18
Nissan,Sentra,2014,378,68.33,91.13,63.27,74.24
Nissan,Sentra,2015,344,64.53,96.2,56.93,72.55
Nissan,Sentra,2016,264,70.87,81.0,65.8,72.56
Nissan,Sentra,2017,223,68.33,78.47,83.53,76.78
Nissan,Sentra,2018,181,65.8,88.6,89.87,81.42
Nissan,Sentra,2019,214,67.07,62.0,87.33,72.13
Nissan,Sentra,2020,193,63.27,84.8,97.47,81.85
Nissan,Sentra,2021,121,68.33,74.67,100.0,81.0
Nissan,Sentra,2022,75,83.53,88.6,97.47,89.87
Nissan,Sentra,2023,17,97.47,94.93,100.0,97.47
Nissan,Sentra,2024,27,91.13,98.73,100.0,96.62
Nissan,Sentra,2025,20,93.67,98.73,97.47,96.62
Nissan,Rogue,2007,1,100.0,100.0,100.0,100.0
Nissan,Rogue,2008,427,79.73,97.47,56.93,78.04
Nissan,Rogue,2009,319,82.27,97.47,68.33,82.69
Nissan,Rogue,2010,282,68.33,88.6,62.0,72.98
Nissan,Rogue,2011,361,68.33,75.93,48.07,64.11
Nissan,Rogue,2012,316,65.8,93.67,64.53,74.67
Nissan,Rogue,2013,604,67.07,77.2,25.27,56.51
Nissan,Rogue,2014,430,68.33,82.27,50.6,67.07
Nissan,Rogue,2015,538,67.07,84.8,58.2,70.02
Nissan,Rogue,2016,530,63.27,69.6,60.73,64.53
Nissan,Rogue,2017,576,64.53,86.07,58.2,69.6
Nissan,Rogue,2018,612,68.33,83.53,65.8,72.55
Nissan,Rogue,2019,320,68.33,87.33,86.07,80.58
Nissan,Rogue,2020,142,68.33,91.13,92.4,83.95
Nissan,Rogue,2021,247,68.33,73.4,69.6,70.44
Nissan,Rogue,2022,220,72.13,88.6,41.73,67.49
Nissan,Rogue,2023,569,68.33,74.67,27.8,56.93
Nissan,Rogue,2024,144,89.87,98.73,84.8,91.13
Nissan,Rogue,2025,138,93.67,98.73,100.0,97.47
Nissan,Pathfinder,2000,129,75.93,100.0,75.93,83.95
Nissan,Pathfinder,2001,239,64.53,94.93,75.93,78.46
Nissan,Pathfinder,2002,171,69.6,100.0,87.33,85.64
Nissan,Pathfinder,2003,110,77.2,100.0,93.67,90.29
Nissan,Pathfinder,2004,67,78.47,100.0,93.67,90.71
Nissan,Pathfinder,2005,1050,65.8,88.6,26.53,60.31
Nissan,Pathfinder,2006,837,68.33,87.33,30.33,62.0
Nissan,Pathfinder,2007,561,68.33,92.4,31.6,64.11
Nissan,Pathfinder,2008,328,68.33,87.33,34.13,63.26
Nissan,Pathfinder,2009,37,92.4,97.47,78.47,89.45
Nissan,Pathfinder,2010,40,94.93,100.0,79.73,91.55
Nissan,Pathfinder,2011,45,92.4,97.47,96.2,95.36
Nissan,Pathfinder,2012,23,98.73,97.47,98.73,98.31
Nissan,Pathfinder,2013,885,60.73,83.53,44.27,62.84
Nissan,Pathfinder,2014,565,64.53,77.2,59.47,67.07
Nissan,Pathfinder,2015,316,65.8,79.73,44.27,63.27
Nissan,Pathfinder,2016,104,77.2,98.73,77.2,84.38
Nissan,Pathfinder,2017,183,75.93,86.07,48.07,70.02
Nissan,Pathfinder,2018,76,86.07,96.2,91.13,91.13
Nissan,Pathfinder,2019,71,81.0,97.47,97.47,91.98
Nissan,Pathfinder,2020,45,87.33,94.93,94.93,92.4
Nissan,Pathfinder,2021,0,100.0,100.0,100.0,100.0
Nissan,Pathfinder,2022,124,68.33,92.4,93.67,84.8
Nissan,Pathfinder,2023,90,68.33,96.2,81.0,81.84
Nissan,Pathfinder,2024,47,87.33,93.67,93.67,91.56
Nissan,Pathfinder,2025,34,92.4,100.0,98.73,97.04
Nissan,Frontier,2000,210,68.33,94.93,69.6,77.62
Nissan,Frontier,2001,145,73.4,96.2,81.0,83.53
Nissan,Frontier,2002,139,67.07,94.93,82.27,81.42
Nissan,Frontier,2003,77,81.0,100.0,88.6,89.87
Nissan,Frontier,2004,66,87.33,98.73,87.33,91.13
Nissan,Frontier,2011,64,79.73,97.47,92.4,89.87
Nissan,Frontier,2012,78,93.67,98.73,93.67,95.36
Nissan,Frontier,2013,48,91.13,100.0,94.93,95.35
Nissan,Frontier,2014,41,94.93,98.73,94.93,96.2
Nissan,Frontier,2015,33,96.2,98.73,97.47,97.47
Nissan,Frontier,2016,42,96.2,100.0,92.4,96.2
Nissan,Frontier,2017,37,98.73,93.67,93.67,95.36
Nissan,Frontier,2018,25,93.67,94.93,93.67,94.09
Nissan,Frontier,2019,26,93.67,96.2,97.47,95.78
Nissan,Frontier,2021,17,96.2,98.73,100.0,98.31
Nissan,Frontier,2022,105,68.33,97.47,98.73,88.18
Nissan,Frontier,2025,6,97.47,100.0,98.73,98.73
BMW,3 Series,2000,88,89.87,98.73,96.2,94.93
BMW,3 Series,2001,36,89.87,100.0,96.2,95.36
BMW,3 Series,2002,442,63.27,83.53,68.33,71.71
BMW,3 Series,2003,488,68.33,89.87,41.73,66.64
BMW,3 Series,2004,557,68.33,94.93,65.8,76.35
BMW,3 Series,2005,226,68.33,98.73,87.33,84.8
BMW,3 Series,2006,1242,63.27,60.73,36.67,53.56
BMW,3 Series,2007,1036,68.33,44.27,5.0,39.2
BMW,3 Series,2008,689,67.07,55.67,7.53,43.42
BMW,3 Series,2009,387,68.33,64.53,49.33,60.73
BMW,3 Series,2010,267,82.27,73.4,41.73,65.8
BMW,3 Series,2016,93,74.67,92.4,84.8,83.96
BMW,3 Series,2017,70,94.93,93.67,59.47,82.69
BMW,3 Series,2018,58,94.93,98.73,62.0,85.22
BMW,3 Series,2019,37,97.47,94.93,91.13,94.51
BMW,3 Series,2020,46,97.47,91.13,84.8,91.13
BMW,3 Series,2021,28,93.67,92.4,98.73,94.93
BMW,3 Series,2022,6,97.47,100.0,100.0,99.16
BMW,5 Series,2000,2,100.0,100.0,100.0,100.0
BMW,5 Series,2001,3,100.0,100.0,100.0,100.0
BMW,5 Series,2004,319,72.13,69.6,73.4,71.71
BMW,5 Series,2005,192,68.33,84.8,84.8,79.31
BMW,5 Series,2006,388,67.07,70.87,67.07,68.34
BMW,5 Series,2007,284,69.6,84.8,68.33,74.24
BMW,5 Series,2008,432,68.33,65.8,8.8,47.64
BMW,5 Series,2009,110,86.07,88.6,51.87,75.51
BMW,5 Series,2010,180,77.2,86.07,49.33,70.87
BMW,5 Series,2016,81,98.73,98.73,65.8,87.75
BMW,5 Series,2018,78,94.93,94.93,91.13,93.66
BMW,5 Series,2019,34,91.13,100.0,93.67,94.93
BMW,5 Series,2020,12,98.73,100.0,97.47,98.73
BMW,5 Series,2021,24,94.93,94.93,97.47,95.78
BMW,5 Series,2022,13,98.73,98.73,98.73,98.73
BMW,X3,2004,219,73.4,97.47,79.73,83.53
BMW,X3,2005,128,91.13,100.0,84.8,91.98
BMW,X3,2006,344,84.8,96.2,82.27,87.76
BMW,X3,2007,373,73.4,83.53,39.2,65.38
BMW,X3,2008,190,88.6,92.4,67.07,82.69
BMW,X3,2009,87,93.67,97.47,84.8,91.98
BMW,X3,2010,85,93.67,100.0,91.13,94.93
BMW,X3,2016,80,78.47,94.93,78.47,83.96
BMW,X3,2017,91,77.2,96.2,73.4,82.27
BMW,X3,2018,70,91.13,97.47,81.0,89.87
BMW,X3,2019,154,82.27,92.4,64.53,79.73
BMW,X3,2020,93,92.4,91.13,89.87,91.13
BMW,X3,2021,85,89.87,87.33,96.2,91.13
BMW,X3,2022,59,91.13,98.73,97.47,95.78
BMW,X3,2023,9,98.73,100.0,100.0,99.58
BMW,X3,2024,29,94.93,100.0,100.0,98.31
BMW,X3,2025,30,93.67,93.67,91.13,92.82
BMW,X5,2000,29,93.67,100.0,98.73,97.47
BMW,X5,2001,175,78.47,98.73,60.73,79.31
BMW,X5,2002,116,82.27,93.67,86.07,87.34
BMW,X5,2003,114,87.33,94.93,79.73,87.33
BMW,X5,2004,127,84.8,88.6,86.07,86.49
BMW,X5,2005,103,72.13,92.4,92.4,85.64
BMW,X5,2006,279,67.07,84.8,75.93,75.93
BMW,X5,2007,143,68.33,86.07,64.53,72.98
BMW,X5,2008,333,67.07,83.53,22.73,57.78
BMW,X5,2009,161,72.13,87.33,46.8,68.75
BMW,X5,2010,147,91.13,77.2,46.8,71.71
BMW,X5,2011,306,70.87,77.2,30.33,59.47
BMW,X5,2016,68,94.93,84.8,82.27,87.33
BMW,X5,2017,73,89.87,96.2,69.6,85.22
BMW,X5,2018,63,93.67,93.67,77.2,88.18
BMW,X5,2019,158,81.0,53.13,70.87,68.33
BMW,X5,2020,91,87.33,60.73,83.53,77.2
BMW,X5,2021,87,84.8,67.07,87.33,79.73
BMW,X5,2022,52,84.8,93.67,89.87,89.45
BMW,X5,2023,27,94.93,98.73,100.0,97.89
BMW,X5,2024,137,68.33,89.87,93.67,83.96
BMW,X5,2025,52,69.6,93.67,96.2,86.49
BMW,7 Series,2000,2,98.73,100.0,100.0,99.58
BMW,7 Series,2001,2,100.0,100.0,98.73,99.58
BMW,7 Series,2002,102,72.13,93.67,82.27,82.69
BMW,7 Series,2003,97,68.33,96.2,77.2,80.58
BMW,7 Series,2004,91,81.0,89.87,82.27,84.38
BMW,7 Series,2005,49,91.13,87.33,91.13,89.86
BMW,7 Series,2006,317,68.33,86.07,67.07,73.82
BMW,7 Series,2007,127,75.93,92.4,98.73,89.02
BMW,7 Series,2008,93,92.4,91.13,96.2,93.24
BMW,7 Series,2009,26,98.73,97.47,92.4,96.2
BMW,7 Series,2010,48,93.67,97.47,77.2,89.45
BMW,7 Series,2017,12,100.0,98.73,98.73,99.15
BMW,7 Series,2018,7,98.73,100.0,97.47,98.73
BMW,7 Series,2019,3,100.0,100.0,100.0,100.0
BMW,7 Series,2020,4,100.0,98.73,98.73,99.15
BMW,7 Series,2021,2,100.0,100.0,100.0,100.0
BMW,7 Series,2022,4,100.0,97.47,100.0,99.16
Ford,F-150,2000,1211,67.07,65.8,8.8,47.22
Ford,F-150,2001,1347,67.07,84.8,6.27,52.71
Ford,F-150,2002,955,62.0,63.27,18.93,48.07
Ford,F-150,2003,461,63.27,87.33,41.73,64.11
Ford,F-150,2004,2034,63.27,74.67,24.0,53.98
Ford,F-150,2005,1120,60.73,81.0,31.6,57.78
Ford,F-150,2006,586,65.8,92.4,29.07,62.42
Ford,F-150,2007,491,64.53,89.87,26.53,60.31
Ford,F-150,2008,368,67.07,84.8,32.87,61.58
Ford,F-150,2009,323,68.33,88.6,50.6,69.18
Ford,Mustang,2000,474,67.07,91.13,24.0,60.73
Ford,Mustang,2001,283,67.07,96.2,48.07,70.45
Ford,Mustang,2002,213,65.8,97.47,46.8,70.02
Ford,Mustang,2003,269,67.07,96.2,37.93,67.07
Ford,Mustang,2004,129,68.33,93.67,84.8,82.27
Ford,Mustang,2005,868,65.8,54.4,18.93,46.38
Ford,Mustang,2006,573,67.07,68.33,43.0,59.47
Ford,Mustang,2007,615,68.33,86.07,75.93,76.78
Ford,Mustang,2008,346,68.33,94.93,91.13,84.8
Ford,Mustang,2009,181,77.2,98.73,96.2,90.71
Ford,Mustang,2010,260,72.13,96.2,92.4,86.91
Ford,Mustang,2011,465,68.33,94.93,69.6,77.62
Ford,Mustang,2012,468,68.33,93.67,65.8,75.93
Ford,Mustang,2013,269,78.47,94.93,87.33,86.91
Ford,Mustang,2014,355,67.07,92.4,87.33,82.27
Ford,Mustang,2015,432,67.07,78.47,58.2,67.91
Ford,Mustang,2016,363,73.4,83.53,36.67,64.53
Ford,Mustang,2017,250,87.33,94.93,68.33,83.53
Ford,Mustang,2018,176,77.2,94.93,39.2,70.44
Ford,Mustang,2019,131,87.33,93.67,48.07,76.36
Ford,Mustang,2020,107,81.0,94.93,72.13,82.69
Ford,Mustang,2021,51,92.4,94.93,77.2,88.18
Ford,Mustang,2022,42,92.4,100.0,89.87,94.09
Ford,Mustang,2024,65,86.07,96.2,94.93,92.4
Ford,Mustang,2025,8,100.0,100.0,100.0,100.0
Ford,Explorer,2000,1133,58.2,82.27,13.87,51.45
Ford,Explorer,2001,765,59.47,86.07,50.6,65.38
Ford,Explorer,2002,3620,25.27,59.47,5.0,29.91
Ford,Explorer,2003,1313,32.87,77.2,22.73,44.27
Ford,Explorer,2004,1408,30.33,62.0,34.13,42.15
Ford,Explorer,2005,567,62.0,88.6,43.0,64.53
Ford,Explorer,2006,635,64.53,86.07,13.87,54.82
Ford,Explorer,2007,208,67.07,97.47,55.67,73.4
Ford,Explorer,2008,146,69.6,87.33,55.67,70.87
Ford,Explorer,2009,33,93.67,100.0,98.73,97.47
Ford,Explorer,2010,115,63.27,98.73,91.13,84.38
Ford,Explorer,2011,1179,65.8,77.2,16.4,53.13
Ford,Explorer,2012,810,68.33,82.27,41.73,64.11
Ford,Explorer,2013,2204,53.13,60.73,15.13,43.0
Ford,Explorer,2014,1651,54.4,69.6,26.53,50.18
Ford,Explorer,2015,1708,54.4,70.87,35.4,53.56
Ford,Explorer,2016,2381,59.47,63.27,10.07,44.27
Ford,Explorer,2017,1606,64.53,59.47,15.13,46.38
Ford,Explorer,2018,675,82.27,69.6,40.47,64.11
Ford,Explorer,2019,268,91.13,88.6,81.0,86.91
Ford,Explorer,2020,1091,32.87,59.47,35.4,42.58
Ford,Explorer,2021,365,60.73,82.27,73.4,72.13
Ford,Explorer,2022,218,69.6,88.6,77.2,78.47
Ford,Explorer,2023,86,87.33,97.47,89.87,91.56
Ford,Explorer,2024,14,100.0,100.0,100.0,100.0
Ford,Explorer,2025,69,81.0,97.47,94.93,91.13
Ford,Focus,2000,3881,21.47,12.6,5.0,13.02
Ford,Focus,2001,1815,32.87,35.4,5.0,24.42
Ford,Focus,2002,1018,43.0,35.4,15.13,31.18
Ford,Focus,2003,1017,62.0,43.0,25.27,43.42
Ford,Focus,2004,387,65.8,75.93,45.53,62.42
Ford,Focus,2005,440,60.73,59.47,46.8,55.67
Ford,Focus,2006,204,67.07,93.67,58.2,72.98
Ford,Focus,2007,391,60.73,35.4,60.73,52.29
Ford,Focus,2008,249,70.87,92.4,58.2,73.82
Ford,Focus,2009,228,73.4,92.4,60.73,75.51
Ford,Focus,2010,286,70.87,92.4,55.67,72.98
Ford,Focus,2011,112,89.87,92.4,92.4,91.56
Ford,Focus,2012,3777,51.87,32.87,5.0,29.91
Ford,Focus,2013,2098,64.53,54.4,5.0,41.31
Ford,Focus,2014,2625,64.53,55.67,5.0,41.73
Ford,Focus,2015,1006,68.33,63.27,24.0,51.87
Ford,Focus,2016,1176,62.0,59.47,16.4,45.96
Ford,Focus,2017,880,67.07,65.8,24.0,52.29
Ford,Focus,2018,800,67.07,62.0,27.8,52.29
Ford,EcoSport,2018,711,68.33,64.53,29.07,53.98
Ford,EcoSport,2019,439,75.93,83.53,46.8,68.75
Ford,EcoSport,2020,370,68.33,87.33,60.73,72.13
Ford,EcoSport,2021,236,72.13,86.07,75.93,78.04
Ford,EcoSport,2022,10,97.47,100.0,100.0,99.16
Chevrolet,Silverado,2000,2168,45.53,81.0,27.8,51.44
Chevrolet,Silverado,2001,1841,36.67,60.73,24.0,40.47
Chevrolet,Silverado,2002,1656,45.53,78.47,22.73,48.91
Chevrolet,Silverado,2003,2117,41.73,56.93,10.07,36.24
Chevrolet,Silverado,2004,1847,45.53,64.53,5.0,38.35
Chevrolet,Silverado,2005,1184,41.73,70.87,8.8,40.47
Chevrolet,Silverado,2006,773,32.87,91.13,53.13,59.04
Chevrolet,Silverado,2007,1054,62.0,69.6,37.93,56.51
Chevrolet,Silverado,2008,1073,67.07,68.33,27.8,54.4
Chevrolet,Tahoe,2000,302,67.07,94.93,78.47,80.16
Chevrolet,Tahoe,2001,521,63.27,79.73,74.67,72.56
Chevrolet,Tahoe,2002,462,59.47,84.8,60.73,68.33
Chevrolet,Tahoe,2003,534,65.8,87.33,54.4,69.18
Chevrolet,Tahoe,2004,466,65.8,86.07,53.13,68.33
Chevrolet,Tahoe,2005,291,65.8,97.47,69.6,77.62
Chevrolet,Tahoe,2006,114,82.27,96.2,94.93,91.13
Chevrolet,Tahoe,2007,1176,64.53,59.47,49.33,57.78
Chevrolet,Tahoe,2008,585,67.07,62.0,73.4,67.49
Chevrolet,Tahoe,2009,303,70.87,86.07,73.4,76.78
Chevrolet,Tahoe,2010,319,88.6,92.4,96.2,92.4
Chevrolet,Tahoe,2011,456,74.67,93.67,88.6,85.65
Chevrolet,Tahoe,2012,179,87.33,97.47,96.2,93.67
Chevrolet,Tahoe,2013,231,89.87,97.47,89.87,92.4
Chevrolet,Tahoe,2014,93,83.53,92.4,94.93,90.29
Chevrolet,Tahoe,2015,654,68.33,72.13,51.87,64.11
Chevrolet,Tahoe,2016,252,68.33,93.67,81.0,81.0
Chevrolet,Tahoe,2017,164,68.33,94.93,78.47,80.58
Chevrolet,Tahoe,2018,90,68.33,93.67,89.87,83.96
Chevrolet,Tahoe,2019,98,84.8,100.0,63.27,82.69
Chevrolet,Tahoe,2020,46,92.4,97.47,93.67,94.51
Chevrolet,Tahoe,2021,386,67.07,64.53,45.53,59.04
Chevrolet,Tahoe,2022,158,77.2,81.0,79.73,79.31
Chevrolet,Tahoe,2023,172,67.07,88.6,84.8,80.16
Chevrolet,Tahoe,2024,55,86.07,94.93,97.47,92.82
Chevrolet,Tahoe,2025,22,86.07,100.0,98.73,94.93
Chevrolet,Trax,2013,0,100.0,100.0,100.0,100.0
Chevrolet,Trax,2014,0,100.0,100.0,100.0,100.0
Chevrolet,Trax,2015,94,83.53,91.13,81.0,85.22
Chevrolet,Trax,2016,111,86.07,96.2,67.07,83.11
Chevrolet,Trax,2017,107,88.6,96.2,78.47,87.76
Chevrolet,Trax,2018,95,86.07,92.4,82.27,86.91
Chevrolet,Trax,2019,130,82.27,94.93,86.07,87.76
Chevrolet,Trax,2020,84,81.0,94.93,78.47,84.8
Chevrolet,Trax,2021,20,91.13,97.47,94.93,94.51
Chevrolet,Trax,2022,9,98.73,98.73,97.47,98.31
Chevrolet,Trax,2023,0,100.0,100.0,100.0,100.0
Chevrolet,Trax,2024,141,78.47,96.2,86.07,86.91
Chevrolet,Trax,2025,65,88.6,97.47,94.93,93.67
Chevrolet,Malibu,2000,979,63.27,51.87,5.0,40.05
Chevrolet,Malibu,2001,749,58.2,56.93,5.0,40.04
Chevrolet,Malibu,2002,596,59.47,54.4,5.0,39.62
Chevrolet,Malibu,2003,610,63.27,58.2,11.33,44.27
Chevrolet,Malibu,2004,1697,62.0,56.93,15.13,44.69
Chevrolet,Malibu,2005,1393,60.73,40.47,11.33,37.51
Chevrolet,Malibu,2006,1385,64.53,46.8,26.53,45.95
Chevrolet,Malibu,2007,991,64.53,81.0,29.07,58.2
Chevrolet,Malibu,2008,1011,62.0,58.2,27.8,49.33
Chevrolet,Malibu,2009,1507,56.93,46.8,26.53,43.42
Chevrolet,Malibu,2010,1356,59.47,59.47,25.27,48.07
Chevrolet,Malibu,2011,971,63.27,51.87,24.0,46.38
Chevrolet,Malibu,2012,904,65.8,51.87,24.0,47.22
Chevrolet,Malibu,2013,916,45.53,27.8,5.0,26.11
Chevrolet,Malibu,2014,361,46.8,64.53,32.87,48.07
Chevrolet,Malibu,2015,264,68.33,70.87,65.8,68.33
Chevrolet,Malibu,2016,848,60.73,44.27,21.47,42.16
Chevrolet,Malibu,2017,711,68.33,56.93,41.73,55.66
Chevrolet,Malibu,2018,670,67.07,60.73,54.4,60.73
Chevrolet,Malibu,2019,184,68.33,67.07,72.13,69.18
Chevrolet,Malibu,2020,181,68.33,75.93,81.0,75.09
Chevrolet,Malibu,2021,63,87.33,88.6,92.4,89.44
Chevrolet,Malibu,2022,70,93.67,97.47,91.13,94.09
Chevrolet,Malibu,2023,24,94.93,96.2,96.2,95.78
Chevrolet,Malibu,2024,8,96.2,100.0,100.0,98.73
Chevrolet,Malibu,2025,3,100.0,100.0,100.0,100.0
Chevrolet,Cruze,2009,0,100.0,100.0,100.0,100.0
Chevrolet,Cruze,2010,2,100.0,100.0,100.0,100.0
Chevrolet,Cruze,2011,728,64.53,63.27,5.0,44.27
Chevrolet,Cruze,2012,860,65.8,58.2,5.0,43.0
Chevrolet,Cruze,2013,584,53.13,67.07,13.87,44.69
Chevrolet,Cruze,2014,690,56.93,44.27,8.8,36.67
Chevrolet,Cruze,2015,250,64.53,77.2,24.0,55.24
Chevrolet,Cruze,2016,242,68.33,70.87,36.67,58.62
Chevrolet,Cruze,2017,198,68.33,79.73,55.67,67.91
Chevrolet,Cruze,2018,107,79.73,98.73,82.27,86.91
Chevrolet,Cruze,2019,18,97.47,100.0,98.73,98.73
Hyundai,Ioniq,2020,1,100.0,98.73,98.73,99.15
Hyundai,Palisade,2020,471,67.07,89.87,60.73,72.56
Hyundai,Palisade,2021,375,70.87,96.2,75.93,81.0
Hyundai,Palisade,2022,260,78.47,92.4,65.8,78.89
Hyundai,Palisade,2023,349,68.33,89.87,78.47,78.89
Hyundai,Palisade,2024,334,68.33,97.47,94.93,86.91
Hyundai,Palisade,2025,177,68.33,100.0,96.2,88.18
Hyundai,Tucson,2004,0,100.0,100.0,100.0,100.0
Hyundai,Tucson,2005,185,67.07,82.27,72.13,73.82
Hyundai,Tucson,2006,135,68.33,81.0,81.0,76.78
Hyundai,Tucson,2007,65,81.0,96.2,96.2,91.13
Hyundai,Tucson,2008,43,87.33,100.0,97.47,94.93
Hyundai,Tucson,2009,18,97.47,100.0,100.0,99.16
Hyundai,Tucson,2010,57,75.93,98.73,98.73,91.13
Hyundai,Tucson,2011,123,68.33,93.67,88.6,83.53
Hyundai,Tucson,2012,252,68.33,81.0,88.6,79.31
Hyundai,Tucson,2013,261,68.33,82.27,83.53,78.04
Hyundai,Tucson,2014,200,68.33,86.07,83.53,79.31
Hyundai,Tucson,2015,223,68.33,83.53,79.73,77.2
Hyundai,Tucson,2016,1591,67.07,72.13,5.0,48.07
Hyundai,Tucson,2017,1056,68.33,73.4,24.0,55.24
Hyundai,Tucson,2018,370,68.33,82.27,45.53,65.38
Hyundai,Tucson,2019,355,67.07,92.4,53.13,70.87
Hyundai,Tucson,2020,159,68.33,94.93,86.07,83.11
Hyundai,Tucson,2021,62,78.47,98.73,87.33,88.18
Hyundai,Tucson,2022,341,68.33,77.2,31.6,59.04
Hyundai,Tucson,2023,108,68.33,93.67,83.53,81.84
Hyundai,Tucson,2024,68,68.33,97.47,94.93,86.91
Hyundai,Tucson,2025,190,68.33,96.2,94.93,86.49
Hyundai,Sonata,2000,282,58.2,83.53,70.87,70.87
Hyundai,Sonata,2001,223,63.27,98.73,83.53,81.84
Hyundai,Sonata,2002,325,59.47,83.53,77.2,73.4
Hyundai,Sonata,2003,198,65.8,89.87,88.6,81.42
Hyundai,Sonata,2004,201,63.27,96.2,83.53,81.0
Hyundai,Sonata,2005,165,67.07,96.2,89.87,84.38
Hyundai,Sonata,2006,1047,63.27,39.2,45.53,49.33
Hyundai,Sonata,2007,696,67.07,58.2,72.13,65.8
Hyundai,Sonata,2008,425,67.07,63.27,73.4,67.91
Hyundai,Sonata,2009,459,67.07,59.47,53.13,59.89
Hyundai,Sonata,2010,345,68.33,81.0,75.93,75.09
Hyundai,Sonata,2011,3357,55.67,5.0,5.0,21.89
Hyundai,Sonata,2012,1541,60.73,15.13,22.73,32.86
Hyundai,Sonata,2013,1872,59.47,26.53,5.0,30.33
Hyundai,Sonata,2014,735,67.07,45.53,34.13,48.91
Hyundai,Sonata,2015,1100,63.27,35.4,13.87,37.51
Hyundai,Sonata,2016,697,64.53,58.2,12.6,45.11
Hyundai,Sonata,2017,740,67.07,65.8,25.27,52.71
Hyundai,Sonata,2018,351,65.8,53.13,30.33,49.75
Hyundai,Sonata,2019,141,88.6,93.67,75.93,86.07
Hyundai,Sonata,2020,151,84.8,94.93,73.4,84.38
Hyundai,Sonata,2021,110,86.07,92.4,65.8,81.42
Hyundai,Sonata,2022,79,87.33,97.47,72.13,85.64
Hyundai,Sonata,2023,79,84.8,93.67,54.4,77.62
Hyundai,Sonata,2024,35,97.47,97.47,98.73,97.89
Hyundai,Sonata,2025,10,96.2,100.0,100.0,98.73
Hyundai,Elantra,2000,212,79.73,100.0,50.6,76.78
Hyundai,Elantra,2001,330,59.47,89.87,72.13,73.82
Hyundai,Elantra,2002,349,62.0,93.67,78.47,78.05
Hyundai,Elantra,2003,234,60.73,98.73,75.93,78.46
Hyundai,Elantra,2004,182,73.4,98.73,89.87,87.33
Hyundai,Elantra,2005,137,69.6,96.2,89.87,85.22
Hyundai,Elantra,2006,155,68.33,94.93,87.33,83.53
Hyundai,Elantra,2007,265,67.07,94.93,78.47,80.16
Hyundai,Elantra,2008,314,65.8,79.73,50.6,65.38
Hyundai,Elantra,2009,279,68.33,86.07,79.73,78.04
Hyundai,Elantra,2010,447,68.33,82.27,64.53,71.71
Hyundai,Elantra,2011,459,64.53,62.0,68.33,64.95
Hyundai,Elantra,2012,667,62.0,41.73,37.93,47.22
Hyundai,Elantra,2013,1312,62.0,41.73,24.0,42.58
Hyundai,Elantra,2014,375,67.07,55.67,50.6,57.78
Hyundai,Elantra,2015,254,67.07,81.0,53.13,67.07
Hyundai,Elantra,2016,279,67.07,79.73,62.0,69.6
Hyundai,Elantra,2017,750,68.33,63.27,11.33,47.64
Hyundai,Elantra,2018,265,68.33,79.73,26.53,58.2
Hyundai,Elantra,2019,232,87.33,84.8,60.73,77.62
Hyundai,Elantra,2020,222,79.73,91.13,75.93,82.26
Hyundai,Elantra,2021,123,81.0,97.47,93.67,90.71
Hyundai,Elantra,2022,90,88.6,98.73,92.4,93.24
Hyundai,Elantra,2023,83,83.53,93.67,89.87,89.02
Hyundai,Elantra,2024,48,92.4,98.73,97.47,96.2
Hyundai,Elantra,2025,16,96.2,100.0,100.0,98.73
