brand,model,year,total_complaints,cv_wellness_complaints,cv_wellness,wb_wellness_complaints,wb_wellness,brk_wellness_complaints,brk_wellness,bat_wellness_complaints,bat_wellness,alt_wellness_complaints,alt_wellness,sta_wellness_complaints,sta_wellness,coolant_wellness_complaints,coolant_wellness,ignition_wellness_complaints,ignition_wellness,fuel_wellness_complaints,fuel_wellness,drivetrain_score,electrical_score,engine_score,overall_score
Toyota,Camry,2000,538,0,100.0,3,88.6,122,5.0,10,62.0,3,88.6,3,88.6,9,65.8,10,62.0,3,88.6,64.53,79.73,72.13,72.13
Toyota,Camry,2001,334,2,92.4,0,100.0,65,5.0,4,84.8,0,100.0,0,100.0,4,84.8,11,58.2,6,77.2,65.8,94.93,73.4,78.04
Toyota,Camry,2002,1043,1,96.2,1,96.2,353,5.0,14,46.8,2,92.4,1,96.2,53,5.0,21,20.2,18,31.6,65.8,78.47,18.93,54.4
Toyota,Camry,2003,815,0,100.0,1,96.2,265,5.0,6,77.2,2,92.4,0,100.0,63,5.0,10,62.0,10,62.0,67.07,89.87,43.0,66.65
Toyota,Camry,2004,798,1,96.2,1,96.2,213,5.0,7,73.4,1,96.2,0,100.0,15,43.0,19,27.8,26,5.0,65.8,89.87,25.27,60.31
Toyota,Camry,2005,719,0,100.0,1,96.2,242,5.0,3,88.6,5,81.0,1,96.2,10,62.0,17,35.4,33,5.0,67.07,88.6,34.13,63.27
Toyota,Camry,2006,428,1,96.2,0,100.0,108,5.0,5,81.0,0,100.0,0,100.0,7,73.4,7,73.4,7,73.4,67.07,93.67,73.4,78.05
Toyota,Camry,2008,1174,0,100.0,3,88.6,230,5.0,8,69.6,1,96.2,1,96.2,15,43.0,7,73.4,15,43.0,64.53,87.33,53.13,68.33
Toyota,Camry,2009,1407,2,92.4,2,92.4,334,5.0,16,39.2,2,92.4,1,96.2,43,5.0,19,27.8,13,50.6,63.27,75.93,27.8,55.67
Toyota,Camry,2010,608,0,100.0,2,92.4,138,5.0,3,88.6,1,96.2,0,100.0,2,92.4,7,73.4,3,88.6,65.8,94.93,84.8,81.84
Toyota,Camry,2011,617,1,96.2,0,100.0,98,5.0,6,77.2,0,100.0,2,92.4,3,88.6,3,88.6,5,81.0,67.07,89.87,86.07,81.0
Toyota,Camry,2012,641,0,100.0,1,96.2,101,5.0,8,69.6,1,96.2,0,100.0,0,100.0,7,73.4,26,5.0,67.07,88.6,59.47,71.71
Toyota,Camry,2013,300,2,92.4,2,92.4,48,5.0,3,88.6,1,96.2,0,100.0,4,84.8,5,81.0,14,46.8,63.27,94.93,70.87,76.36
Toyota,Camry,2014,6,0,100.0,0,100.0,0,100.0,1,96.2,0,100.0,0,100.0,0,100.0,0,100.0,0,100.0,100.0,98.73,100.0,99.58
Toyota,Camry,2015,264,1,96.2,0,100.0,45,5.0,11,58.2,4,84.8,0,100.0,0,100.0,9,65.8,9,65.8,67.07,81.0,77.2,75.09
Toyota,Camry,2016,178,0,100.0,0,100.0,29,5.0,5,81.0,3,88.6,0,100.0,2,92.4,4,84.8,1,96.2,68.33,89.87,91.13,83.11
Toyota,Camry,2017,145,1,96.2,0,100.0,36,5.0,9,65.8,6,77.2,2,92.4,1,96.2,1,96.2,9,65.8,67.07,78.47,86.07,77.2
Toyota,Camry,2018,698,1,96.2,2,92.4,175,5.0,12,54.4,1,96.2,2,92.4,22,16.4,11,58.2,106,5.0,64.53,81.0,26.53,57.35
Toyota,Camry,2019,361,0,100.0,0,100.0,61,5.0,8,69.6,4,84.8,0,100.0,19,27.8,6,77.2,73,5.0,68.33,84.8,36.67,63.27
Toyota,Camry,2020,255,1,96.2,0,100.0,27,5.0,47,5.0,2,92.4,2,92.4,29,5.0,4,84.8,21,20.2,67.07,63.27,36.67,55.67
Toyota,Camry,2021,146,0,100.0,0,100.0,18,31.6,2,92.4,0,100.0,0,100.0,4,84.8,0,100.0,2,92.4,77.2,97.47,92.4,89.02
Toyota,Camry,2022,46,0,100.0,1,96.2,9,65.8,0,100.0,0,100.0,0,100.0,0,100.0,1,96.2,1,96.2,87.33,100.0,97.47,94.93
Toyota,Camry,2023,49,1,96.2,0,100.0,10,62.0,1,96.2,0,100.0,0,100.0,1,96.2,1,96.2,2,92.4,86.07,98.73,94.93,93.24
Toyota,Camry,2024,41,0,100.0,1,96.2,6,77.2,0,100.0,0,100.0,0,100.0,1,96.2,0,100.0,0,100.0,91.13,100.0,98.73,96.62
Toyota,Camry,2025,107,0,100.0,1,96.2,20,24.0,7,73.4,1,96.2,0,100.0,0,100.0,0,100.0,0,100.0,73.4,89.87,100.0,87.76
Toyota,Corolla,2000,156,1,96.2,0,100.0,22,16.4,2,92.4,1,96.2,0,100.0,4,84.8,2,92.4,3,88.6,70.87,96.2,88.6,85.22
Toyota,Corolla,2001,138,0,100.0,0,100.0,23,12.6,0,100.0,0,100.0,0,100.0,3,88.6,6,77.2,5,81.0,70.87,100.0,82.27,84.38
Toyota,Corolla,2002,149,0,100.0,0,100.0,25,5.0,1,96.2,0,100.0,0,100.0,2,92.4,1,96.2,4,84.8,68.33,98.73,91.13,86.06
Toyota,Corolla,2003,767,0,100.0,5,81.0,84,5.0,3,88.6,0,100.0,1,96.2,3,88.6,10,62.0,8,69.6,62.0,94.93,73.4,76.78
Toyota,Corolla,2004,504,1,96.2,1,96.2,54,5.0,9,65.8,1,96.2,4,84.8,1,96.2,7,73.4,5,81.0,65.8,82.27,83.53,77.2
Toyota,Corolla,2005,937,1,96.2,2,92.4,95,5.0,15,43.0,1,96.2,2,92.4,13,50.6,9,65.8,36,5.0,64.53,77.2,40.47,60.73
Toyota,Corolla,2006,902,0,100.0,0,100.0,101,5.0,9,65.8,2,92.4,3,88.6,1,96.2,6,77.2,22,16.4,68.33,82.27,63.27,71.29
Toyota,Corolla,2007,882,0,100.0,4,84.8,106,5.0,13,50.6,1,96.2,4,84.8,7,73.4,9,65.8,28,5.0,63.27,77.2,48.07,62.85
Toyota,Corolla,2008,344,2,92.4,0,100.0,52,5.0,7,73.4,0,100.0,0,100.0,7,73.4,4,84.8,6,77.2,65.8,91.13,78.47,78.47
Toyota,Corolla,2009,1533,3,88.6,3,88.6,260,5.0,28,5.0,21,20.2,5,81.0,31,5.0,16,39.2,29,5.0,60.73,35.4,16.4,37.51
Toyota,Corolla,2010,1258,5,81.0,0,100.0,277,5.0,11,58.2,8,69.6,1,96.2,5,81.0,10,62.0,10,62.0,62.0,74.67,68.33,68.33
Toyota,Corolla,2011,589,0,100.0,1,96.2,55,5.0,5,81.0,0,100.0,0,100.0,1,96.2,7,73.4,11,58.2,67.07,93.67,75.93,78.89
Toyota,Corolla,2012,445,0,100.0,0,100.0,19,27.8,0,100.0,0,100.0,0,100.0,1,96.2,1,96.2,1,96.2,75.93,100.0,96.2,90.71
Toyota,Corolla,2013,201,2,92.4,1,96.2,39,5.0,2,92.4,1,96.2,0,100.0,1,96.2,4,84.8,3,88.6,64.53,96.2,89.87,83.53
Toyota,Corolla,2014,265,0,100.0,1,96.2,35,5.0,7,73.4,0,100.0,1,96.2,2,92.4,4,84.8,10,62.0,67.07,89.87,79.73,78.89
Toyota,Corolla,2015,215,1,96.2,1,96.2,37,5.0,2,92.4,0,100.0,0,100.0,3,88.6,4,84.8,5,81.0,65.8,97.47,84.8,82.69
Toyota,Corolla,2016,208,1,96.2,1,96.2,38,5.0,4,84.8,0,100.0,0,100.0,1,96.2,4,84.8,3,88.6,65.8,94.93,89.87,83.53
Toyota,Corolla,2017,185,1,96.2,0,100.0,36,5.0,3,88.6,1,96.2,0,100.0,2,92.4,2,92.4,5,81.0,67.07,94.93,88.6,83.53
Toyota,Corolla,2018,131,0,100.0,1,96.2,20,24.0,3,88.6,1,96.2,0,100.0,4,84.8,1,96.2,35,5.0,73.4,94.93,62.0,76.78
Toyota,Corolla,2019,196,1,96.2,1,96.2,26,5.0,8,69.6,2,92.4,0,100.0,27,5.0,6,77.2,33,5.0,65.8,87.33,29.07,60.73
Toyota,Corolla,2020,293,0,100.0,0,100.0,30,5.0,12,54.4,2,92.4,0,100.0,121,5.0,4,84.8,10,62.0,68.33,82.27,50.6,67.07
Toyota,Corolla,2021,169,0,100.0,0,100.0,22,16.4,6,77.2,0,100.0,0,100.0,30,5.0,2,92.4,2,92.4,72.13,92.4,63.27,75.93
Toyota,Corolla,2022,83,0,100.0,1,96.2,13,50.6,9,65.8,0,100.0,0,100.0,10,62.0,0,100.0,1,96.2,82.27,88.6,86.07,85.65
Toyota,Corolla,2023,68,1,96.2,0,100.0,13,50.6,1,96.2,0,100.0,0,100.0,2,92.4,3,88.6,3,88.6,82.27,98.73,89.87,90.29
Toyota,Corolla,2024,55,0,100.0,0,100.0,10,62.0,2,92.4,1,96.2,0,100.0,1,96.2,1,96.2,3,88.6,87.33,96.2,93.67,92.4
Toyota,Corolla,2025,19,0,100.0,0,100.0,5,81.0,0,100.0,0,100.0,0,100.0,0,100.0,0,100.0,0,100.0,93.67,100.0,100.0,97.89
Toyota,RAV4,2000,41,0,100.0,0,100.0,5,81.0,1,96.2,0,100.0,0,100.0,1,96.2,0,100.0,0,100.0,93.67,98.73,98.73,97.04
Toyota,RAV4,2001,323,0,100.0,0,100.0,35,5.0,2,92.4,0,100.0,0,100.0,1,96.2,3,88.6,28,5.0,68.33,97.47,63.27,76.36
Toyota,RAV4,2002,555,0,100.0,0,100.0,38,5.0,5,81.0,0,100.0,0,100.0,3,88.6,4,84.8,35,5.0,68.33,93.67,59.47,73.82
Toyota,RAV4,2003,326,0,100.0,0,100.0,27,5.0,3,88.6,2,92.4,1,96.2,5,81.0,5,81.0,23,12.6,68.33,92.4,58.2,72.98
Toyota,RAV4,2004,151,0,100.0,0,100.0,20,24.0,3,88.6,0,100.0,0,100.0,20,24.0,2,92.4,0,100.0,74.67,96.2,72.13,81.0
Toyota,RAV4,2005,141,0,100.0,0,100.0,19,27.8,2,92.4,0,100.0,0,100.0,7,73.4,0,100.0,2,92.4,75.93,97.47,88.6,87.33
Toyota,RAV4,2006,703,1,96.2,3,88.6,72,5.0,7,73.4,6,77.2,1,96.2,8,69.6,18,31.6,13,50.6,63.27,82.27,50.6,65.38
Toyota,RAV4,2007,1002,1,96.2,4,84.8,127,5.0,28,5.0,8,69.6,1,96.2,14,46.8,20,24.0,11,58.2,62.0,56.93,43.0,53.98
Toyota,RAV4,2008,574,0,100.0,3,88.6,112,5.0,16,39.2,6,77.2,1,96.2,12,54.4,15,43.0,8,69.6,64.53,70.87,55.67,63.69
Toyota,RAV4,2009,323,0,100.0,2,92.4,117,5.0,2,92.4,0,100.0,2,92.4,6,77.2,9,65.8,3,88.6,65.8,94.93,77.2,79.31
Toyota,RAV4,2010,398,0,100.0,1,96.2,108,5.0,5,81.0,3,88.6,1,96.2,3,88.6,8,69.6,6,77.2,67.07,88.6,78.47,78.05
Toyota,RAV4,2011,284,0,100.0,1,96.2,97,5.0,4,84.8,1,96.2,1,96.2,2,92.4,4,84.8,3,88.6,67.07,92.4,88.6,82.69
Toyota,RAV4,2012,264,0,100.0,0,100.0,79,5.0,10,62.0,0,100.0,0,100.0,3,88.6,10,62.0,2,92.4,68.33,87.33,81.0,78.89
Toyota,RAV4,2013,251,0,100.0,0,100.0,38,5.0,30,5.0,0,100.0,2,92.4,4,84.8,6,77.2,8,69.6,68.33,65.8,77.2,70.44
Toyota,RAV4,2014,191,0,100.0,0,100.0,19,27.8,27,5.0,3,88.6,0,100.0,2,92.4,1,96.2,6,77.2,75.93,64.53,88.6,76.35
Toyota,RAV4,2015,299,0,100.0,0,100.0,52,5.0,30,5.0,1,96.2,1,96.2,3,88.6,8,69.6,12,54.4,68.33,65.8,70.87,68.33
Toyota,RAV4,2016,231,1,96.2,0,100.0,57,5.0,20,24.0,1,96.2,1,96.2,3,88.6,2,92.4,5,81.0,67.07,72.13,87.33,75.51
Toyota,RAV4,2017,299,3,88.6,0,100.0,56,5.0,37,5.0,5,81.0,2,92.4,2,92.4,5,81.0,9,65.8,64.53,59.47,79.73,67.91
Toyota,RAV4,2018,319,0,100.0,0,100.0,38,5.0,41,5.0,14,46.8,0,100.0,7,73.4,2,92.4,11,58.2,68.33,50.6,74.67,64.53
Toyota,RAV4,2019,851,0,100.0,2,92.4,68,5.0,15,43.0,3,88.6,2,92.4,173,5.0,6,77.2,69,5.0,65.8,74.67,29.07,56.51
Toyota,RAV4,2020,608,0,100.0,0,100.0,39,5.0,76,5.0,1,96.2,1,96.2,195,5.0,2,92.4,15,43.0,68.33,65.8,46.8,60.31
Toyota,RAV4,2021,351,0,100.0,0,100.0,41,5.0,14,46.8,4,84.8,2,92.4,14,46.8,2,92.4,7,73.4,68.33,74.67,70.87,71.29
Toyota,RAV4,2022,116,0,100.0,0,100.0,14,46.8,10,62.0,2,92.4,1,96.2,2,92.4,2,92.4,5,81.0,82.27,83.53,88.6,84.8
Toyota,RAV4,2023,125,0,100.0,1,96.2,25,5.0,6,77.2,0,100.0,0,100.0,0,100.0,2,92.4,5,81.0,67.07,92.4,91.13,83.53
Toyota,RAV4,2024,141,1,96.2,0,100.0,34,5.0,7,73.4,2,92.4,2,92.4,2,92.4,0,100.0,1,96.2,67.07,86.07,96.2,83.11
Toyota,RAV4,2025,52,0,100.0,0,100.0,7,73.4,3,88.6,0,100.0,0,100.0,1,96.2,2,92.4,1,96.2,91.13,96.2,94.93,94.09
Toyota,Tacoma,2000,221,1,96.2,0,100.0,26,5.0,2,92.4,0,100.0,0,100.0,2,92.4,1,96.2,0,100.0,67.07,97.47,96.2,86.91
Toyota,Tacoma,2001,413,0,100.0,0,100.0,43,5.0,0,100.0,1,96.2,0,100.0,1,96.2,2,92.4,2,92.4,68.33,98.73,93.67,86.91
Toyota,Tacoma,2002,360,1,96.2,1,96.2,44,5.0,2,92.4,1,96.2,0,100.0,3,88.6,1,96.2,1,96.2,65.8,96.2,93.67,85.22
Toyota,Tacoma,2003,371,2,92.4,3,88.6,40,5.0,2,92.4,0,100.0,0,100.0,2,92.4,2,92.4,8,69.6,62.0,97.47,84.8,81.42
Toyota,Tacoma,2004,414,3,88.6,1,96.2,44,5.0,2,92.4,1,96.2,1,96.2,2,92.4,5,81.0,8,69.6,63.27,94.93,81.0,79.73
Toyota,Tacoma,2005,706,1,96.2,5,81.0,94,5.0,3,88.6,2,92.4,0,100.0,11,58.2,11,58.2,4,84.8,60.73,93.67,67.07,73.82
Toyota,Tacoma,2006,781,2,92.4,2,92.4,139,5.0,0,100.0,0,100.0,0,100.0,8,69.6,14,46.8,4,84.8,63.27,100.0,67.07,76.78
Toyota,Tacoma,2007,540,0,100.0,2,92.4,141,5.0,0,100.0,0,100.0,0,100.0,4,84.8,13,50.6,3,88.6,65.8,100.0,74.67,80.16
Toyota,Tacoma,2008,442,1,96.2,5,81.0,105,5.0,1,96.2,1,96.2,0,100.0,2,92.4,11,58.2,2,92.4,60.73,97.47,81.0,79.73
Toyota,Tacoma,2009,515,0,100.0,5,81.0,88,5.0,0,100.0,0,100.0,0,100.0,12,54.4,9,65.8,7,73.4,62.0,100.0,64.53,75.51
Toyota,Tacoma,2011,180,0,100.0,0,100.0,18,31.6,0,100.0,0,100.0,0,100.0,3,88.6,0,100.0,2,92.4,77.2,100.0,93.67,90.29
Toyota,Tacoma,2012,294,0,100.0,0,100.0,31,5.0,3,88.6,0,100.0,0,100.0,1,96.2,0,100.0,13,50.6,68.33,96.2,82.27,82.27
Toyota,Tacoma,2013,123,0,100.0,1,96.2,26,5.0,2,92.4,0,100.0,1,96.2,2,92.4,2,92.4,4,84.8,67.07,96.2,89.87,84.38
Toyota,Tacoma,2014,90,0,100.0,0,100.0,19,27.8,0,100.0,0,100.0,0,100.0,0,100.0,2,92.4,2,92.4,75.93,100.0,94.93,90.29
Toyota,Tacoma,2015,95,0,100.0,0,100.0,17,35.4,1,96.2,0,100.0,0,100.0,0,100.0,1,96.2,4,84.8,78.47,98.73,93.67,90.29
Toyota,Tacoma,2016,319,0,100.0,1,96.2,37,5.0,3,88.6,3,88.6,1,96.2,11,58.2,4,84.8,13,50.6,67.07,91.13,64.53,74.24
Toyota,Tacoma,2017,228,0,100.0,0,100.0,46,5.0,1,96.2,1,96.2,0,100.0,4,84.8,4,84.8,15,43.0,68.33,97.47,70.87,78.89
Toyota,Tacoma,2018,192,0,100.0,0,100.0,46,5.0,1,96.2,0,100.0,0,100.0,1,96.2,4,84.8,58,5.0,68.33,98.73,62.0,76.35
Toyota,Tacoma,2019,205,0,100.0,0,100.0,59,5.0,1,96.2,0,100.0,0,100.0,3,88.6,3,88.6,56,5.0,68.33,98.73,60.73,75.93
Toyota,Tacoma,2020,83,0,100.0,1,96.2,23,12.6,1,96.2,0,100.0,2,92.4,0,100.0,3,88.6,18,31.6,69.6,96.2,73.4,79.73
Toyota,Tacoma,2021,71,0,100.0,0,100.0,19,27.8,1,96.2,1,96.2,1,96.2,5,81.0,2,92.4,6,77.2,75.93,96.2,83.53,85.22
Toyota,Tacoma,2022,51,0,100.0,1,96.2,10,62.0,0,100.0,0,100.0,0,100.0,1,96.2,1,96.2,0,100.0,86.07,100.0,97.47,94.51
Toyota,Tacoma,2023,45,0,100.0,0,100.0,7,73.4,0,100.0,0,100.0,0,100.0,1,96.2,0,100.0,1,96.2,91.13,100.0,97.47,96.2
Toyota,Tacoma,2024,130,1,96.2,0,100.0,30,5.0,1,96.2,0,100.0,0,100.0,0,100.0,0,100.0,4,84.8,67.07,98.73,94.93,86.91
Toyota,Tacoma,2025,44,2,92.4,0,100.0,5,81.0,0,100.0,0,100.0,0,100.0,1,96.2,1,96.2,0,100.0,91.13,100.0,97.47,96.2
Toyota,4Runner,2000,494,1,96.2,2,92.4,40,5.0,2,92.4,1,96.2,2,92.4,6,77.2,2,92.4,6,77.2,64.53,93.67,82.27,80.16
Toyota,4Runner,2001,190,0,100.0,1,96.2,22,16.4,1,96.2,0,100.0,0,100.0,1,96.2,3,88.6,2,92.4,70.87,98.73,92.4,87.33
Toyota,4Runner,2002,251,1,96.2,0,100.0,45,5.0,2,92.4,0,100.0,0,100.0,5,81.0,0,100.0,4,84.8,67.07,97.47,88.6,84.38
Toyota,4Runner,2003,707,2,92.4,3,88.6,116,5.0,1,96.2,0,100.0,1,96.2,20,24.0,2,92.4,4,84.8,62.0,97.47,67.07,75.51
Toyota,4Runner,2004,677,4,84.8,3,88.6,107,5.0,4,84.8,0,100.0,0,100.0,45,5.0,11,58.2,1,96.2,59.47,94.93,53.13,69.18
Toyota,4Runner,2005,423,3,88.6,0,100.0,58,5.0,2,92.4,2,92.4,0,100.0,16,39.2,4,84.8,3,88.6,64.53,94.93,70.87,76.78
Toyota,4Runner,2006,378,3,88.6,0,100.0,68,5.0,2,92.4,0,100.0,0,100.0,7,73.4,3,88.6,6,77.2,64.53,97.47,79.73,80.58
Toyota,4Runner,2007,154,0,100.0,0,100.0,41,5.0,2,92.4,0,100.0,0,100.0,4,84.8,4,84.8,0,100.0,68.33,97.47,89.87,85.22
Toyota,4Runner,2008,96,2,92.4,0,100.0,28,5.0,0,100.0,0,100.0,0,100.0,0,100.0,0,100.0,2,92.4,65.8,100.0,97.47,87.76
Toyota,4Runner,2009,22,0,100.0,0,100.0,3,88.6,0,100.0,0,100.0,0,100.0,1,96.2,0,100.0,0,100.0,96.2,100.0,98.73,98.31
Toyota,4Runner,2010,145,0,100.0,0,100.0,21,20.2,2,92.4,0,100.0,0,100.0,1,96.2,0,100.0,1,96.2,73.4,97.47,97.47,89.45
Toyota,4Runner,2011,162,0,100.0,0,100.0,11,58.2,0,100.0,0,100.0,0,100.0,1,96.2,2,92.4,1,96.2,86.07,100.0,94.93,93.67
Toyota,4Runner,2012,96,0,100.0,0,100.0,10,62.0,0,100.0,0,100.0,0,100.0,1,96.2,1,96.2,3,88.6,87.33,100.0,93.67,93.67
Toyota,4Runner,2013,35,0,100.0,0,100.0,6,77.2,0,100.0,0,100.0,0,100.0,0,100.0,1,96.2,3,88.6,92.4,100.0,94.93,95.78
Toyota,4Runner,2014,75,1,96.2,0,100.0,7,73.4,0,100.0,0,100.0,0,100.0,2,92.4,2,92.4,7,73.4,89.87,100.0,86.07,91.98
Toyota,4Runner,2015,85,0,100.0,0,100.0,9,65.8,0,100.0,0,100.0,1,96.2,1,96.2,0,100.0,9,65.8,88.6,98.73,87.33,91.55
Toyota,4Runner,2016,75,0,100.0,0,100.0,11,58.2,2,92.4,1,96.2,0,100.0,0,100.0,0,100.0,3,88.6,86.07,96.2,96.2,92.82
Toyota,4Runner,2017,35,0,100.0,0,100.0,9,65.8,0,100.0,0,100.0,0,100.0,0,100.0,0,100.0,2,92.4,88.6,100.0,97.47,95.36
Toyota,4Runner,2018,57,0,100.0,0,100.0,9,65.8,0,100.0,1,96.2,0,100.0,1,96.2,0,100.0,11,58.2,88.6,98.73,84.8,90.71
Toyota,4Runner,2019,62,0,100.0,0,100.0,5,81.0,0,100.0,0,100.0,0,100.0,0,100.0,2,92.4,10,62.0,93.67,100.0,84.8,92.82
Toyota,4Runner,2020,31,0,100.0,0,100.0,6,77.2,1,96.2,0,100.0,0,100.0,0,100.0,0,100.0,1,96.2,92.4,98.73,98.73,96.62
Toyota,4Runner,2021,32,0,100.0,0,100.0,6,77.2,0,100.0,0,100.0,0,100.0,0,100.0,0,100.0,1,96.2,92.4,100.0,98.73,97.04
Toyota,4Runner,2022,38,1,96.2,0,100.0,6,77.2,0,100.0,0,100.0,0,100.0,0,100.0,0,100.0,0,100.0,91.13,100.0,100.0,97.04
Toyota,4Runner,2023,29,0,100.0,0,100.0,5,81.0,0,100.0,0,100.0,0,100.0,0,100.0,0,100.0,0,100.0,93.67,100.0,100.0,97.89
Toyota,4Runner,2024,8,0,100.0,0,100.0,2,92.4,0,100.0,0,100.0,0,100.0,0,100.0,0,100.0,0,100.0,97.47,100.0,100.0,99.16
Toyota,4Runner,2025,40,0,100.0,0,100.0,24,8.8,0,100.0,0,100.0,0,100.0,0,100.0,0,100.0,0,100.0,69.6,100.0,100.0,89.87
Honda,Civic,2000,299,1,96.2,2,92.4,32,5.0,3,88.6,0,100.0,1,96.2,8,69.6,23,12.6,18,31.6,64.53,94.93,37.93,65.8
Honda,Civic,2001,1128,0,100.0,7,73.4,82,5.0,14,46.8,2,92.4,1,96.2,21,20.2,21,20.2,42,5.0,59.47,78.47,15.13,51.02
Honda,Civic,2002,717,1,96.2,0,100.0,63,5.0,8,69.6,3,88.6,1,96.2,22,16.4,18,31.6,12,54.4,67.07,84.8,34.13,62.0
Honda,Civic,2003,524,0,100.0,1,96.2,70,5.0,17,35.4,4,84.8,8,69.6,10,62.0,23,12.6,21,20.2,67.07,63.27,31.6,53.98
Honda,Civic,2004,350,0,100.0,4,84.8,29,5.0,12,54.4,1,96.2,2,92.4,5,81.0,15,43.0,11,58.2,63.27,81.0,60.73,68.33
Honda,Civic,2005,314,0,100.0,2,92.4,41,5.0,11,58.2,5,81.0,1,96.2,13,50.6,9,65.8,6,77.2,65.8,78.47,64.53,69.6
Honda,Civic,2006,1402,2,92.4,23,12.6,146,5.0,80,5.0,7,73.4,10,62.0,178,5.0,23,12.6,24,8.8,36.67,46.8,8.8,30.76
Honda,Civic,2007,1203,5,81.0,22,16.4,107,5.0,56,5.0,4,84.8,1,96.2,122,5.0,11,58.2,19,27.8,34.13,62.0,30.33,42.15
Honda,Civic,2008,913,3,88.6,5,81.0,83,5.0,29,5.0,4,84.8,1,96.2,113,5.0,13,50.6,9,65.8,58.2,62.0,40.47,53.56
Honda,Civic,2009,393,0,100.0,3,88.6,72,5.0,25,5.0,2,92.4,3,88.6,9,65.8,10,62.0,4,84.8,64.53,62.0,70.87,65.8
Honda,Civic,2010,395,1,96.2,2,92.4,92,5.0,3,88.6,0,100.0,1,96.2,2,92.4,6,77.2,5,81.0,64.53,94.93,83.53,81.0
Honda,Civic,2011,168,0,100.0,2,92.4,44,5.0,4,84.8,0,100.0,0,100.0,1,96.2,3,88.6,1,96.2,65.8,94.93,93.67,84.8
Honda,Civic,2012,452,1,96.2,1,96.2,90,5.0,22,16.4,15,43.0,3,88.6,2,92.4,9,65.8,15,43.0,65.8,49.33,67.07,60.73
Honda,Civic,2013,311,1,96.2,4,84.8,54,5.0,9,65.8,3,88.6,3,88.6,2,92.4,9,65.8,5,81.0,62.0,81.0,79.73,74.24
Honda,Civic,2014,284,1,96.2,0,100.0,33,5.0,6,77.2,4,84.8,1,96.2,3,88.6,3,88.6,17,35.4,67.07,86.07,70.87,74.67
Honda,Civic,2015,373,3,88.6,2,92.4,41,5.0,11,58.2,7,73.4,2,92.4,2,92.4,4,84.8,13,50.6,62.0,74.67,75.93,70.87
Honda,Civic,2016,1022,2,92.4,2,92.4,159,5.0,30,5.0,5,81.0,2,92.4,11,58.2,6,77.2,23,12.6,63.27,59.47,49.33,57.36
Honda,Civic,2017,555,2,92.4,2,92.4,61,5.0,30,5.0,4,84.8,1,96.2,10,62.0,8,69.6,20,24.0,63.27,62.0,51.87,59.05
Honda,Civic,2018,603,0,100.0,0,100.0,36,5.0,13,50.6,3,88.6,1,96.2,3,88.6,11,58.2,141,5.0,68.33,78.47,50.6,65.8
Honda,Civic,2019,355,5,81.0,0,100.0,56,5.0,13,50.6,1,96.2,2,92.4,3,88.6,6,77.2,104,5.0,62.0,79.73,56.93,66.22
Honda,Civic,2020,206,0,100.0,1,96.2,27,5.0,6,77.2,0,100.0,0,100.0,4,84.8,1,96.2,25,5.0,67.07,92.4,62.0,73.82
Honda,Civic,2021,122,1,96.2,0,100.0,30,5.0,3,88.6,0,100.0,0,100.0,0,100.0,2,92.4,3,88.6,67.07,96.2,93.67,85.65
Honda,Civic,2022,867,1,96.2,0,100.0,38,5.0,7,73.4,0,100.0,0,100.0,2,92.4,6,77.2,4,84.8,67.07,91.13,84.8,81.0
Honda,Accord,2000,1214,0,100.0,5,81.0,113,5.0,17,35.4,19,27.8,2,92.4,13,50.6,106,5.0,18,31.6,62.0,51.87,29.07,47.65
Honda,Accord,2001,941,4,84.8,6,77.2,95,5.0,9,65.8,5,81.0,3,88.6,9,65.8,44,5.0,11,58.2,55.67,78.47,43.0,59.05
Honda,Accord,2002,1066,2,92.4,2,92.4,92,5.0,6,77.2,1,96.2,2,92.4,14,46.8,45,5.0,31,5.0,63.27,88.6,18.93,56.93
Honda,Accord,2003,2010,3,88.6,2,92.4,302,5.0,17,35.4,4,84.8,2,92.4,22,16.4,65,5.0,28,5.0,62.0,70.87,8.8,47.22
Honda,Accord,2004,1015,2,92.4,2,92.4,131,5.0,19,27.8,3,88.6,4,84.8,15,43.0,34,5.0,21,20.2,63.27,67.07,22.73,51.02
Honda,Accord,2005,686,2,92.4,1,96.2,113,5.0,23,12.6,7,73.4,4,84.8,8,69.6,22,16.4,25,5.0,64.53,56.93,30.33,50.6
Honda,Accord,2006,430,5,81.0,2,92.4,74,5.0,11,58.2,1,96.2,2,92.4,4,84.8,6,77.2,5,81.0,59.47,82.27,81.0,74.25
Honda,Accord,2007,524,4,84.8,0,100.0,85,5.0,9,65.8,2,92.4,1,96.2,2,92.4,27,5.0,5,81.0,63.27,84.8,59.47,69.18
Honda,Accord,2008,1515,1,96.2,3,88.6,614,5.0,21,20.2,17,35.4,7,73.4,11,58.2,34,5.0,8,69.6,63.27,43.0,44.27,50.18
Honda,Accord,2009,719,1,96.2,5,81.0,249,5.0,12,54.4,5,81.0,1,96.2,7,73.4,31,5.0,12,54.4,60.73,77.2,44.27,60.73
Honda,Accord,2010,578,3,88.6,7,73.4,141,5.0,4,84.8,5,81.0,0,100.0,5,81.0,32,5.0,11,58.2,55.67,88.6,48.07,64.11
Honda,Accord,2011,295,3,88.6,1,96.2,17,35.4,4,84.8,1,96.2,0,100.0,1,96.2,10,62.0,7,73.4,73.4,93.67,77.2,81.42
Honda,Accord,2012,376,3,88.6,7,73.4,64,5.0,3,88.6,2,92.4,3,88.6,5,81.0,10,62.0,6,77.2,55.67,89.87,73.4,72.98
Honda,Accord,2013,1405,7,73.4,8,69.6,204,5.0,160,5.0,28,5.0,204,5.0,6,77.2,50,5.0,52,5.0,49.33,5.0,29.07,27.8
Honda,Accord,2014,961,3,88.6,3,88.6,198,5.0,129,5.0,27,5.0,200,5.0,4,84.8,38,5.0,33,5.0,60.73,5.0,31.6,32.44
Honda,Accord,2015,585,0,100.0,1,96.2,73,5.0,124,5.0,37,5.0,112,5.0,6,77.2,29,5.0,37,5.0,67.07,5.0,29.07,33.71
Honda,Accord,2016,569,0,100.0,1,96.2,64,5.0,46,5.0,11,58.2,17,35.4,8,69.6,13,50.6,32,5.0,67.07,32.87,41.73,47.22
Honda,Accord,2017,510,0,100.0,3,88.6,76,5.0,40,5.0,8,69.6,8,69.6,6,77.2,10,62.0,63,5.0,64.53,48.07,48.07,53.56
Honda,Accord,2018,1680,0,100.0,3,88.6,398,5.0,66,5.0,7,73.4,3,88.6,266,5.0,146,5.0,414,5.0,64.53,55.67,5.0,41.73
Honda,Accord,2019,590,0,100.0,4,84.8,165,5.0,19,27.8,5,81.0,1,96.2,73,5.0,40,5.0,146,5.0,63.27,68.33,5.0,45.53
Honda,Accord,2020,316,0,100.0,2,92.4,88,5.0,7,73.4,1,96.2,0,100.0,19,27.8,14,46.8,35,5.0,65.8,89.87,26.53,60.73
Honda,Accord,2021,181,0,100.0,2,92.4,57,5.0,9,65.8,1,96.2,0,100.0,20,24.0,6,77.2,13,50.6,65.8,87.33,50.6,67.91
Honda,Accord,2022,157,0,100.0,1,96.2,43,5.0,4,84.8,0,100.0,1,96.2,11,58.2,8,69.6,6,77.2,67.07,93.67,68.33,76.36
Honda,CR-V,2000,141,0,100.0,0,100.0,5,81.0,0,100.0,0,100.0,0,100.0,3,88.6,6,77.2,3,88.6,93.67,100.0,84.8,92.82
Honda,CR-V,2001,151,0,100.0,0,100.0,12,54.4,2,92.4,0,100.0,1,96.2,5,81.0,7,73.4,8,69.6,84.8,96.2,74.67,85.22
Honda,CR-V,2002,526,1,96.2,0,100.0,49,5.0,4,84.8,2,92.4,0,100.0,11,58.2,38,5.0,8,69.6,67.07,92.4,44.27,67.91
Honda,CR-V,2003,493,0,100.0,1,96.2,49,5.0,6,77.2,2,92.4,3,88.6,15,43.0,15,43.0,8,69.6,67.07,86.07,51.87,68.34
Honda,CR-V,2004,500,1,96.2,0,100.0,34,5.0,7,73.4,3,88.6,2,92.4,12,54.4,13,50.6,7,73.4,67.07,84.8,59.47,70.45
Honda,CR-V,2005,477,1,96.2,0,100.0,34,5.0,6,77.2,0,100.0,3,88.6,6,77.2,6,77.2,3,88.6,67.07,88.6,81.0,78.89
Honda,CR-V,2006,398,0,100.0,0,100.0,47,5.0,6,77.2,1,96.2,3,88.6,3,88.6,9,65.8,3,88.6,68.33,87.33,81.0,78.89
Honda,CR-V,2007,884,1,96.2,2,92.4,46,5.0,13,50.6,3,88.6,7,73.4,3,88.6,21,20.2,4,84.8,64.53,70.87,64.53,66.64
Honda,CR-V,2008,958,0,100.0,1,96.2,50,5.0,15,43.0,4,84.8,5,81.0,4,84.8,15,43.0,6,77.2,67.07,69.6,68.33,68.33
Honda,CR-V,2009,385,0,100.0,0,100.0,19,27.8,8,69.6,0,100.0,1,96.2,3,88.6,5,81.0,3,88.6,75.93,88.6,86.07,83.53
Honda,CR-V,2010,477,0,100.0,1,96.2,38,5.0,8,69.6,2,92.4,2,92.4,3,88.6,8,69.6,11,58.2,67.07,84.8,72.13,74.67
Honda,CR-V,2011,547,0,100.0,0,100.0,36,5.0,9,65.8,0,100.0,1,96.2,3,88.6,8,69.6,1,96.2,68.33,87.33,84.8,80.15
Honda,CR-V,2012,393,1,96.2,1,96.2,36,5.0,41,5.0,14,46.8,11,58.2,3,88.6,6,77.2,9,65.8,65.8,36.67,77.2,59.89
Honda,CR-V,2013,377,0,100.0,3,88.6,39,5.0,14,46.8,5,81.0,7,73.4,3,88.6,7,73.4,15,43.0,64.53,67.07,68.33,66.64
Honda,CR-V,2014,580,2,92.4,1,96.2,52,5.0,19,27.8,6,77.2,13,50.6,12,54.4,10,62.0,12,54.4,64.53,51.87,56.93,57.78
Honda,CR-V,2015,658,0,100.0,2,92.4,106,5.0,45,5.0,9,65.8,21,20.2,11,58.2,13,50.6,45,5.0,65.8,30.33,37.93,44.69
Honda,CR-V,2016,386,0,100.0,1,96.2,40,5.0,29,5.0,5,81.0,3,88.6,9,65.8,9,65.8,36,5.0,67.07,58.2,45.53,56.93
Honda,CR-V,2017,1692,0,100.0,0,100.0,416,5.0,174,5.0,16,39.2,5,81.0,39,5.0,82,5.0,242,5.0,68.33,41.73,5.0,38.35
Honda,CR-V,2018,1989,2,92.4,3,88.6,454,5.0,94,5.0,3,88.6,0,100.0,41,5.0,59,5.0,420,5.0,62.0,64.53,5.0,43.84
Honda,CR-V,2019,1014,1,96.2,1,96.2,285,5.0,68,5.0,2,92.4,4,84.8,11,58.2,22,16.4,217,5.0,65.8,60.73,26.53,51.02
Honda,CR-V,2020,302,1,96.2,0,100.0,66,5.0,16,39.2,0,100.0,1,96.2,2,92.4,3,88.6,33,5.0,67.07,78.47,62.0,69.18
Honda,CR-V,2021,261,0,100.0,0,100.0,70,5.0,4,84.8,2,92.4,1,96.2,10,62.0,9,65.8,19,27.8,68.33,91.13,51.87,70.44
Honda,CR-V,2022,182,0,100.0,0,100.0,35,5.0,7,73.4,0,100.0,0,100.0,2,92.4,2,92.4,6,77.2,68.33,91.13,87.33,82.26
Honda,CR-V,2023,486,0,100.0,0,100.0,48,5.0,8,69.6,1,96.2,1,96.2,5,81.0,3,88.6,19,27.8,68.33,87.33,65.8,73.82
Honda,CR-V,2024,349,0,100.0,0,100.0,43,5.0,7,73.4,0,100.0,0,100.0,4,84.8,7,73.4,37,5.0,68.33,91.13,54.4,71.29
Honda,CR-V,2025,194,0,100.0,1,96.2,33,5.0,8,69.6,1,96.2,1,96.2,2,92.4,2,92.4,18,31.6,67.07,87.33,72.13,75.51
Honda,Pilot,2003,745,3,88.6,4,84.8,70,5.0,6,77.2,0,100.0,1,96.2,8,69.6,110,5.0,13,50.6,59.47,91.13,41.73,64.11
Honda,Pilot,2004,544,0,100.0,1,96.2,40,5.0,3,88.6,0,100.0,0,100.0,2,92.4,43,5.0,4,84.8,67.07,96.2,60.73,74.67
Honda,Pilot,2005,678,0,100.0,3,88.6,183,5.0,15,43.0,3,88.6,3,88.6,66,5.0,23,12.6,11,58.2,64.53,73.4,25.27,54.4
Honda,Pilot,2006,266,0,100.0,1,96.2,52,5.0,4,84.8,2,92.4,0,100.0,10,62.0,20,24.0,2,92.4,67.07,92.4,59.47,72.98
Honda,Pilot,2007,211,0,100.0,0,100.0,37,5.0,4,84.8,0,100.0,0,100.0,6,77.2,5,81.0,4,84.8,68.33,94.93,81.0,81.42
Honda,Pilot,2008,132,0,100.0,0,100.0,15,43.0,0,100.0,0,100.0,0,100.0,3,88.6,2,92.4,0,100.0,81.0,100.0,93.67,91.56
Honda,Pilot,2009,134,2,92.4,2,92.4,21,20.2,2,92.4,0,100.0,0,100.0,3,88.6,5,81.0,3,88.6,68.33,97.47,86.07,83.96
Honda,Pilot,2010,111,0,100.0,1,96.2,18,31.6,1,96.2,0,100.0,0,100.0,0,100.0,11,58.2,1,96.2,75.93,98.73,84.8,86.49
Honda,Pilot,2011,289,3,88.6,2,92.4,54,5.0,9,65.8,0,100.0,2,92.4,1,96.2,16,39.2,4,84.8,62.0,86.07,73.4,73.82
Honda,Pilot,2012,169,0,100.0,2,92.4,32,5.0,4,84.8,4,84.8,1,96.2,0,100.0,9,65.8,16,39.2,65.8,88.6,68.33,74.24
Honda,Pilot,2013,265,1,96.2,4,84.8,48,5.0,0,100.0,0,100.0,1,96.2,3,88.6,19,27.8,10,62.0,62.0,98.73,59.47,73.4
Honda,Pilot,2014,114,1,96.2,1,96.2,22,16.4,1,96.2,1,96.2,0,100.0,3,88.6,19,27.8,5,81.0,69.6,97.47,65.8,77.62
Honda,Pilot,2015,105,0,100.0,0,100.0,14,46.8,1,96.2,1,96.2,0,100.0,4,84.8,11,58.2,5,81.0,82.27,97.47,74.67,84.8
Honda,Pilot,2016,1613,1,96.2,3,88.6,219,5.0,194,5.0,16,39.2,27,5.0,25,5.0,84,5.0,212,5.0,63.27,16.4,5.0,28.22
Honda,Pilot,2017,864,0,100.0,1,96.2,173,5.0,124,5.0,6,77.2,16,39.2,9,65.8,28,5.0,161,5.0,67.07,40.47,25.27,44.27
Honda,Pilot,2018,416,0,100.0,0,100.0,65,5.0,32,5.0,0,100.0,5,81.0,3,88.6,17,35.4,114,5.0,68.33,62.0,43.0,57.78
Honda,Pilot,2019,815,0,100.0,0,100.0,145,5.0,96,5.0,4,84.8,13,50.6,4,84.8,21,20.2,177,5.0,68.33,46.8,36.67,50.6
Honda,Pilot,2020,444,0,100.0,0,100.0,100,5.0,41,5.0,3,88.6,2,92.4,4,84.8,10,62.0,47,5.0,68.33,62.0,50.6,60.31
Honda,Pilot,2021,374,0,100.0,0,100.0,83,5.0,43,5.0,3,88.6,11,58.2,2,92.4,7,73.4,20,24.0,68.33,50.6,63.27,60.73
Honda,Pilot,2022,112,0,100.0,0,100.0,36,5.0,8,69.6,0,100.0,0,100.0,0,100.0,0,100.0,11,58.2,68.33,89.87,86.07,81.42
Honda,Pilot,2023,96,0,100.0,0,100.0,24,8.8,2,92.4,0,100.0,0,100.0,1,96.2,1,96.2,7,73.4,69.6,97.47,88.6,85.22
Honda,Pilot,2024,86,0,100.0,0,100.0,22,16.4,3,88.6,0,100.0,0,100.0,0,100.0,1,96.2,4,84.8,72.13,96.2,93.67,87.33
Honda,Pilot,2025,123,0,100.0,0,100.0,31,5.0,4,84.8,1,96.2,1,96.2,0,100.0,1,96.2,4,84.8,68.33,92.4,93.67,84.8
Honda,Ridgeline,2003,0,0,100.0,0,100.0,0,100.0,0,100.0,0,100.0,0,100.0,0,100.0,0,100.0,0,100.0,100.0,100.0,100.0,100.0
Honda,Ridgeline,2004,0,0,100.0,0,100.0,0,100.0,0,100.0,0,100.0,0,100.0,0,100.0,0,100.0,0,100.0,100.0,100.0,100.0,100.0
Honda,Ridgeline,2005,0,0,100.0,0,100.0,0,100.0,0,100.0,0,100.0,0,100.0,0,100.0,0,100.0,0,100.0,100.0,100.0,100.0,100.0
Honda,Ridgeline,2006,240,0,100.0,0,100.0,21,20.2,5,81.0,1,96.2,1,96.2,23,12.6,5,81.0,10,62.0,73.4,91.13,51.87,72.13
Honda,Ridgeline,2007,160,0,100.0,0,100.0,11,58.2,3,88.6,0,100.0,0,100.0,11,58.2,6,77.2,0,100.0,86.07,96.2,78.47,86.91
Honda,Ridgeline,2008,140,0,100.0,0,100.0,7,73.4,1,96.2,0,100.0,0,100.0,4,84.8,0,100.0,0,100.0,91.13,98.73,94.93,94.93
Honda,Ridgeline,2009,35,0,100.0,0,100.0,2,92.4,0,100.0,0,100.0,0,100.0,2,92.4,1,96.2,0,100.0,97.47,100.0,96.2,97.89
Honda,Ridgeline,2010,42,0,100.0,0,100.0,9,65.8,0,100.0,0,100.0,0,100.0,0,100.0,0,100.0,0,100.0,88.6,100.0,100.0,96.2
Honda,Ridgeline,2011,39,0,100.0,0,100.0,0,100.0,0,100.0,0,100.0,0,100.0,0,100.0,0,100.0,0,100.0,100.0,100.0,100.0,100.0
Honda,Ridgeline,2012,24,0,100.0,0,100.0,3,88.6,0,100.0,1,96.2,0,100.0,0,100.0,0,100.0,0,100.0,96.2,98.73,100.0,98.31
Honda,Ridgeline,2013,45,0,100.0,0,100.0,4,84.8,0,100.0,0,100.0,0,100.0,0,100.0,0,100.0,1,96.2,94.93,100.0,98.73,97.89
Honda,Ridgeline,2014,33,0,100.0,0,100.0,4,84.8,1,96.2,0,100.0,0,100.0,0,100.0,0,100.0,1,96.2,94.93,98.73,98.73,97.46
Honda,Ridgeline,2015,2,0,100.0,0,100.0,0,100.0,0,100.0,0,100.0,0,100.0,0,100.0,0,100.0,0,100.0,100.0,100.0,100.0,100.0
Honda,Ridgeline,2016,0,0,100.0,0,100.0,0,100.0,0,100.0,0,100.0,0,100.0,0,100.0,0,100.0,0,100.0,100.0,100.0,100.0,100.0
Honda,Ridgeline,2017,323,0,100.0,0,100.0,35,5.0,12,54.4,1,96.2,0,100.0,8,69.6,5,81.0,20,24.0,68.33,83.53,58.2,70.02
Honda,Ridgeline,2018,154,0,100.0,0,100.0,8,69.6,4,84.8,0,100.0,1,96.2,1,96.2,4,84.8,24,8.8,89.87,93.67,63.27,82.27
Honda,Ridgeline,2019,225,0,100.0,0,100.0,18,31.6,6,77.2,0,100.0,1,96.2,0,100.0,1,96.2,62,5.0,77.2,91.13,67.07,78.47
Honda,Ridgeline,2020,158,0,100.0,0,100.0,22,16.4,14,46.8,1,96.2,5,81.0,0,100.0,3,88.6,7,73.4,72.13,74.67,87.33,78.04
Honda,Ridgeline,2021,91,0,100.0,0,100.0,16,39.2,0,100.0,1,96.2,1,96.2,1,96.2,1,96.2,3,88.6,79.73,97.47,93.67,90.29
Honda,Ridgeline,2022,109,0,100.0,0,100.0,19,27.8,3,88.6,0,100.0,1,96.2,0,100.0,2,92.4,7,73.4,75.93,94.93,88.6,86.49
Honda,Ridgeline,2023,110,0,100.0,0,100.0,8,69.6,4,84.8,0,100.0,0,100.0,1,96.2,1,96.2,4,84.8,89.87,94.93,92.4,92.4
Honda,Ridgeline,2024,43,0,100.0,0,100.0,9,65.8,2,92.4,0,100.0,0,100.0,0,100.0,0,100.0,0,100.0,88.6,97.47,100.0,95.36
Honda,Ridgeline,2025,47,0,100.0,0,100.0,11,58.2,0,100.0,0,100.0,0,100.0,0,100.0,0,100.0,1,96.2,86.07,100.0,98.73,94.93
Subaru,Forester,2000,79,0,100.0,18,31.6,5,81.0,0,100.0,0,100.0,0,100.0,6,77.2,0,100.0,3,88.6,70.87,100.0,88.6,86.49
Subaru,Forester,2001,146,1,96.2,17,35.4,31,5.0,1,96.2,1,96.2,0,100.0,12,54.4,4,84.8,5,81.0,45.53,97.47,73.4,72.13
Subaru,Forester,2002,93,2,92.4,2,92.4,23,12.6,0,100.0,0,100.0,0,100.0,5,81.0,1,96.2,9,65.8,65.8,100.0,81.0,82.27
Subaru,Forester,2003,191,2,92.4,2,92.4,20,24.0,2,92.4,0,100.0,0,100.0,14,46.8,3,88.6,7,73.4,69.6,97.47,69.6,78.89
Subaru,Forester,2004,219,4,84.8,6,77.2,15,43.0,1,96.2,1,96.2,0,100.0,7,73.4,3,88.6,7,73.4,68.33,97.47,78.47,81.42
Subaru,Forester,2005,93,0,100.0,2,92.4,15,43.0,1,96.2,1,96.2,0,100.0,0,100.0,4,84.8,1,96.2,78.47,97.47,93.67,89.87
Subaru,Forester,2006,88,1,96.2,2,92.4,13,50.6,1,96.2,0,100.0,0,100.0,6,77.2,2,92.4,3,88.6,79.73,98.73,86.07,88.18
Subaru,Forester,2007,72,2,92.4,2,92.4,10,62.0,0,100.0,0,100.0,0,100.0,8,69.6,0,100.0,0,100.0,82.27,100.0,89.87,90.71
Subaru,Forester,2008,50,1,96.2,1,96.2,8,69.6,1,96.2,1,96.2,0,100.0,3,88.6,1,96.2,1,96.2,87.33,97.47,93.67,92.82
Subaru,Forester,2009,178,1,96.2,2,92.4,28,5.0,1,96.2,0,100.0,0,100.0,9,65.8,5,81.0,2,92.4,64.53,98.73,79.73,81.0
Subaru,Forester,2010,261,0,100.0,0,100.0,50,5.0,1,96.2,0,100.0,0,100.0,14,46.8,8,69.6,5,81.0,68.33,98.73,65.8,77.62
Subaru,Forester,2011,147,0,100.0,0,100.0,24,8.8,3,88.6,0,100.0,2,92.4,7,73.4,8,69.6,2,92.4,69.6,93.67,78.47,80.58
Subaru,Forester,2012,104,0,100.0,0,100.0,22,16.4,3,88.6,0,100.0,1,96.2,4,84.8,1,96.2,2,92.4,72.13,94.93,91.13,86.06
Subaru,Forester,2013,77,0,100.0,0,100.0,13,50.6,1,96.2,0,100.0,0,100.0,3,88.6,4,84.8,2,92.4,83.53,98.73,88.6,90.29
Subaru,Forester,2014,402,1,96.2,10,62.0,78,5.0,8,69.6,1,96.2,3,88.6,3,88.6,21,20.2,12,54.4,54.4,84.8,54.4,64.53
Subaru,Forester,2015,605,5,81.0,13,50.6,121,5.0,33,5.0,2,92.4,4,84.8,9,65.8,15,43.0,49,5.0,45.53,60.73,37.93,48.06
Subaru,Forester,2016,400,1,96.2,3,88.6,65,5.0,37,5.0,4,84.8,3,88.6,4,84.8,39,5.0,18,31.6,63.27,59.47,40.47,54.4
Subaru,Forester,2017,565,0,100.0,3,88.6,38,5.0,52,5.0,4,84.8,1,96.2,1,96.2,52,5.0,13,50.6,64.53,62.0,50.6,59.04
Subaru,Forester,2018,480,0,100.0,4,84.8,35,5.0,46,5.0,2,92.4,1,96.2,2,92.4,13,50.6,16,39.2,63.27,64.53,60.73,62.84
Subaru,Forester,2019,828,1,96.2,1,96.2,60,5.0,71,5.0,5,81.0,7,73.4,27,5.0,6,77.2,26,5.0,65.8,53.13,29.07,49.33
Subaru,Forester,2020,588,0,100.0,0,100.0,45,5.0,52,5.0,6,77.2,2,92.4,23,12.6,8,69.6,8,69.6,68.33,58.2,50.6,59.04
Subaru,Forester,2021,199,1,96.2,0,100.0,22,16.4,21,20.2,1,96.2,1,96.2,2,92.4,3,88.6,6,77.2,70.87,70.87,86.07,75.94
Subaru,Forester,2022,91,0,100.0,0,100.0,13,50.6,3,88.6,0,100.0,1,96.2,1,96.2,1,96.2,2,92.4,83.53,94.93,94.93,91.13
Subaru,Forester,2023,65,0,100.0,1,96.2,9,65.8,4,84.8,0,100.0,0,100.0,0,100.0,0,100.0,1,96.2,87.33,94.93,98.73,93.66
Subaru,Forester,2024,26,0,100.0,0,100.0,3,88.6,0,100.0,0,100.0,0,100.0,0,100.0,1,96.2,0,100.0,96.2,100.0,98.73,98.31
Subaru,Forester,2025,61,0,100.0,0,100.0,6,77.2,1,96.2,0,100.0,0,100.0,0,100.0,0,100.0,1,96.2,92.4,98.73,98.73,96.62
Subaru,Outback,2000,215,3,88.6,1,96.2,25,5.0,1,96.2,2,92.4,0,100.0,30,5.0,3,88.6,6,77.2,63.27,96.2,56.93,72.13
Subaru,Outback,2001,170,0,100.0,1,96.2,43,5.0,1,96.2,1,96.2,0,100.0,11,58.2,2,92.4,6,77.2,67.07,97.47,75.93,80.16
Subaru,Outback,2002,153,0,100.0,0,100.0,39,5.0,1,96.2,0,100.0,0,100.0,17,35.4,3,88.6,16,39.2,68.33,98.73,54.4,73.82
Subaru,Outback,2003,95,0,100.0,1,96.2,15,43.0,1,96.2,0,100.0,0,100.0,12,54.4,1,96.2,9,65.8,79.73,98.73,72.13,83.53
Subaru,Outback,2004,90,3,88.6,2,92.4,14,46.8,3,88.6,1,96.2,0,100.0,6,77.2,3,88.6,2,92.4,75.93,94.93,86.07,85.64
Subaru,Outback,2005,273,3,88.6,13,50.6,45,5.0,7,73.4,2,92.4,0,100.0,4,84.8,3,88.6,5,81.0,48.07,88.6,84.8,73.82
Subaru,Outback,2006,280,1,96.2,7,73.4,32,5.0,2,92.4,0,100.0,0,100.0,13,50.6,6,77.2,13,50.6,58.2,97.47,59.47,71.71
Subaru,Outback,2007,129,2,92.4,3,88.6,20,24.0,0,100.0,0,100.0,0,100.0,10,62.0,2,92.4,2,92.4,68.33,100.0,82.27,83.53
Subaru,Outback,2008,228,2,92.4,6,77.2,43,5.0,3,88.6,3,88.6,1,96.2,7,73.4,4,84.8,5,81.0,58.2,91.13,79.73,76.35
Subaru,Outback,2009,110,1,96.2,0,100.0,14,46.8,1,96.2,0,100.0,0,100.0,5,81.0,2,92.4,7,73.4,81.0,98.73,82.27,87.33
Subaru,Outback,2010,359,0,100.0,2,92.4,86,5.0,2,92.4,2,92.4,0,100.0,12,54.4,8,69.6,70,5.0,65.8,94.93,43.0,67.91
Subaru,Outback,2011,647,0,100.0,2,92.4,138,5.0,10,62.0,2,92.4,1,96.2,24,8.8,10,62.0,127,5.0,65.8,83.53,25.27,58.2
Subaru,Outback,2012,290,0,100.0,2,92.4,81,5.0,8,69.6,1,96.2,2,92.4,10,62.0,9,65.8,56,5.0,65.8,86.07,44.27,65.38
Subaru,Outback,2013,293,0,100.0,3,88.6,55,5.0,3,88.6,1,96.2,1,96.2,9,65.8,2,92.4,15,43.0,64.53,93.67,67.07,75.09
Subaru,Outback,2014,207,0,100.0,1,96.2,42,5.0,5,81.0,2,92.4,3,88.6,3,88.6,6,77.2,12,54.4,67.07,87.33,73.4,75.93
Subaru,Outback,2015,498,2,92.4,12,54.4,49,5.0,91,5.0,13,50.6,7,73.4,3,88.6,11,58.2,3,88.6,50.6,43.0,78.47,57.36
Subaru,Outback,2016,630,1,96.2,2,92.4,52,5.0,245,5.0,30,5.0,9,65.8,2,92.4,94,5.0,7,73.4,64.53,25.27,56.93,48.91
Subaru,Outback,2017,909,0,100.0,1,96.2,59,5.0,349,5.0,26,5.0,11,58.2,1,96.2,64,5.0,10,62.0,67.07,22.73,54.4,48.07
Subaru,Outback,2018,787,0,100.0,3,88.6,44,5.0,170,5.0,6,77.2,8,69.6,5,81.0,10,62.0,17,35.4,64.53,50.6,59.47,58.2
Subaru,Outback,2019,1023,2,92.4,1,96.2,46,5.0,294,5.0,12,54.4,15,43.0,8,69.6,5,81.0,28,5.0,64.53,34.13,51.87,50.18
Subaru,Outback,2020,887,1,96.2,3,88.6,43,5.0,209,5.0,10,62.0,12,54.4,11,58.2,6,77.2,9,65.8,63.27,40.47,67.07,56.94
Subaru,Outback,2021,284,0,100.0,2,92.4,21,20.2,44,5.0,1,96.2,2,92.4,4,84.8,6,77.2,3,88.6,70.87,64.53,83.53,72.98
Subaru,Outback,2022,439,0,100.0,0,100.0,23,12.6,21,20.2,1,96.2,1,96.2,2,92.4,2,92.4,3,88.6,70.87,70.87,91.13,77.62
Subaru,Outback,2023,83,0,100.0,1,96.2,15,43.0,4,84.8,1,96.2,0,100.0,2,92.4,0,100.0,0,100.0,79.73,93.67,97.47,90.29
Subaru,Outback,2024,2,0,100.0,0,100.0,1,96.2,0,100.0,0,100.0,0,100.0,0,100.0,0,100.0,0,100.0,98.73,100.0,100.0,99.58
Subaru,Outback,2025,54,0,100.0,0,100.0,10,62.0,1,96.2,0,100.0,0,100.0,2,92.4,0,100.0,1,96.2,87.33,98.73,96.2,94.09
Subaru,Crosstrek,2012,2,0,100.0,0,100.0,0,100.0,0,100.0,0,100.0,0,100.0,0,100.0,0,100.0,1,96.2,100.0,100.0,98.73,99.58
Subaru,Crosstrek,2013,25,0,100.0,0,100.0,3,88.6,1,96.2,0,100.0,0,100.0,1,96.2,0,100.0,1,96.2,96.2,98.73,97.47,97.47
Subaru,Crosstrek,2016,131,1,96.2,4,84.8,12,54.4,11,58.2,2,92.4,0,100.0,2,92.4,32,5.0,6,77.2,78.47,83.53,58.2,73.4
Subaru,Crosstrek,2017,97,1,96.2,4,84.8,14,46.8,6,77.2,1,96.2,0,100.0,0,100.0,21,20.2,3,88.6,75.93,91.13,69.6,78.89
Subaru,Crosstrek,2018,192,0,100.0,4,84.8,13,50.6,12,54.4,1,96.2,3,88.6,1,96.2,8,69.6,8,69.6,78.47,79.73,78.47,78.89
Subaru,Crosstrek,2019,274,0,100.0,0,100.0,15,43.0,25,5.0,0,100.0,5,81.0,1,96.2,11,58.2,8,69.6,81.0,62.0,74.67,72.56
Subaru,Crosstrek,2020,64,0,100.0,0,100.0,3,88.6,6,77.2,0,100.0,2,92.4,0,100.0,3,88.6,2,92.4,96.2,89.87,93.67,93.25
Subaru,Crosstrek,2021,100,1,96.2,0,100.0,13,50.6,6,77.2,1,96.2,2,92.4,4,84.8,0,100.0,4,84.8,82.27,88.6,89.87,86.91
Subaru,Crosstrek,2022,28,0,100.0,0,100.0,5,81.0,3,88.6,1,96.2,0,100.0,0,100.0,0,100.0,1,96.2,93.67,94.93,98.73,95.78
Subaru,Crosstrek,2023,29,0,100.0,0,100.0,6,77.2,0,100.0,0,100.0,0,100.0,0,100.0,1,96.2,0,100.0,92.4,100.0,98.73,97.04
Subaru,Crosstrek,2024,100,0,100.0,0,100.0,13,50.6,0,100.0,0,100.0,0,100.0,0,100.0,1,96.2,1,96.2,83.53,100.0,97.47,93.67
Subaru,Crosstrek,2025,30,0,100.0,0,100.0,2,92.4,0,100.0,0,100.0,0,100.0,0,100.0,0,100.0,1,96.2,97.47,100.0,98.73,98.73
Subaru,Impreza,2000,42,0,100.0,8,69.6,8,69.6,0,100.0,0,100.0,0,100.0,1,96.2,0,100.0,0,100.0,79.73,100.0,98.73,92.82
Subaru,Impreza,2001,11,0,100.0,1,96.2,3,88.6,0,100.0,0,100.0,1,96.2,0,100.0,0,100.0,0,100.0,94.93,98.73,100.0,97.89
Subaru,Impreza,2002,300,1,96.2,3,88.6,68,5.0,1,96.2,0,100.0,0,100.0,9,65.8,3,88.6,9,65.8,63.27,98.73,73.4,78.47
Subaru,Impreza,2003,64,0,100.0,0,100.0,15,43.0,0,100.0,0,100.0,0,100.0,3,88.6,1,96.2,4,84.8,81.0,100.0,89.87,90.29
Subaru,Impreza,2004,96,0,100.0,0,100.0,10,62.0,0,100.0,0,100.0,1,96.2,1,96.2,3,88.6,2,92.4,87.33,98.73,92.4,92.82
Subaru,Impreza,2005,75,0,100.0,0,100.0,8,69.6,1,96.2,0,100.0,0,100.0,1,96.2,2,92.4,2,92.4,89.87,98.73,93.67,94.09
Subaru,Impreza,2006,56,0,100.0,2,92.4,8,69.6,0,100.0,0,100.0,0,100.0,1,96.2,1,96.2,1,96.2,87.33,100.0,96.2,94.51
Subaru,Impreza,2007,68,0,100.0,2,92.4,6,77.2,1,96.2,0,100.0,0,100.0,7,73.4,2,92.4,0,100.0,89.87,98.73,88.6,92.4
Subaru,Impreza,2008,209,1,96.2,0,100.0,47,5.0,2,92.4,0,100.0,0,100.0,3,88.6,1,96.2,3,88.6,67.07,97.47,91.13,85.22
Subaru,Impreza,2009,112,0,100.0,0,100.0,34,5.0,1,96.2,0,100.0,1,96.2,8,69.6,1,96.2,3,88.6,68.33,97.47,84.8,83.53
Subaru,Impreza,2010,46,0,100.0,0,100.0,8,69.6,2,92.4,1,96.2,2,92.4,2,92.4,1,96.2,6,77.2,89.87,93.67,88.6,90.71
Subaru,Impreza,2011,57,0,100.0,0,100.0,10,62.0,2,92.4,0,100.0,0,100.0,1,96.2,2,92.4,2,92.4,87.33,97.47,93.67,92.82
Subaru,Impreza,2012,241,0,100.0,2,92.4,29,5.0,4,84.8,1,96.2,2,92.4,3,88.6,7,73.4,4,84.8,65.8,91.13,82.27,79.73
Subaru,Impreza,2013,247,0,100.0,0,100.0,40,5.0,4,84.8,0,100.0,1,96.2,4,84.8,19,27.8,3,88.6,68.33,93.67,67.07,76.36
Subaru,Impreza,2014,106,0,100.0,0,100.0,11,58.2,1,96.2,0,100.0,2,92.4,3,88.6,7,73.4,5,81.0,86.07,96.2,81.0,87.76
Subaru,Impreza,2015,78,0,100.0,2,92.4,11,58.2,3,88.6,0,100.0,0,100.0,1,96.2,20,24.0,2,92.4,83.53,96.2,70.87,83.53
Subaru,Impreza,2016,74,0,100.0,0,100.0,16,39.2,4,84.8,0,100.0,0,100.0,1,96.2,22,16.4,4,84.8,79.73,94.93,65.8,80.15
Subaru,Impreza,2017,124,0,100.0,4,84.8,10,62.0,7,73.4,0,100.0,0,100.0,1,96.2,2,92.4,5,81.0,82.27,91.13,89.87,87.76
Subaru,Impreza,2018,148,0,100.0,0,100.0,6,77.2,7,73.4,0,100.0,1,96.2,2,92.4,4,84.8,4,84.8,92.4,89.87,87.33,89.87
Subaru,Impreza,2019,187,0,100.0,1,96.2,7,73.4,8,69.6,0,100.0,0,100.0,0,100.0,3,88.6,2,92.4,89.87,89.87,93.67,91.14
Subaru,Impreza,2020,83,0,100.0,0,100.0,4,84.8,2,92.4,0,100.0,1,96.2,0,100.0,0,100.0,1,96.2,94.93,96.2,98.73,96.62
Subaru,Impreza,2021,14,0,100.0,0,100.0,3,88.6,0,100.0,0,100.0,0,100.0,0,100.0,0,100.0,1,96.2,96.2,100.0,98.73,98.31
Subaru,Impreza,2022,12,0,100.0,0,100.0,1,96.2,1,96.2,0,100.0,0,100.0,0,100.0,0,100.0,1,96.2,98.73,98.73,98.73,98.73
Subaru,Impreza,2023,4,0,100.0,0,100.0,0,100.0,0,100.0,0,100.0,0,100.0,0,100.0,0,100.0,0,100.0,100.0,100.0,100.0,100.0
Subaru,Impreza,2024,26,0,100.0,0,100.0,5,81.0,0,100.0,0,100.0,0,100.0,0,100.0,1,96.2,1,96.2,93.67,100.0,97.47,97.05
Subaru,Impreza,2025,3,0,100.0,0,100.0,0,100.0,0,100.0,0,100.0,0,100.0,0,100.0,0,100.0,0,100.0,100.0,100.0,100.0,100.0
Subaru,WRX,2002,426,0,100.0,2,92.4,80,5.0,0,100.0,0,100.0,0,100.0,2,92.4,6,77.2,5,81.0,65.8,100.0,83.53,83.11
Subaru,WRX,2003,60,0,100.0,0,100.0,21,20.2,0,100.0,0,100.0,0,100.0,1,96.2,2,92.4,1,96.2,73.4,100.0,94.93,89.44
Subaru,WRX,2004,42,0,100.0,0,100.0,1,96.2,0,100.0,0,100.0,0,100.0,0,100.0,0,100.0,0,100.0,98.73,100.0,100.0,99.58
Subaru,WRX,2005,19,0,100.0,0,100.0,1,96.2,0,100.0,0,100.0,0,100.0,0,100.0,0,100.0,1,96.2,98.73,100.0,98.73,99.15
Subaru,WRX,2006,14,0,100.0,0,100.0,0,100.0,0,100.0,0,100.0,0,100.0,0,100.0,0,100.0,1,96.2,100.0,100.0,98.73,99.58
Subaru,WRX,2007,0,0,100.0,0,100.0,0,100.0,0,100.0,0,100.0,0,100.0,0,100.0,0,100.0,0,100.0,100.0,100.0,100.0,100.0
Subaru,WRX,2008,65,0,100.0,0,100.0,37,5.0,0,100.0,0,100.0,0,100.0,0,100.0,0,100.0,1,96.2,68.33,100.0,98.73,89.02
Subaru,WRX,2009,41,0,100.0,0,100.0,23,12.6,0,100.0,0,100.0,0,100.0,1,96.2,0,100.0,1,96.2,70.87,100.0,97.47,89.45
Subaru,WRX,2010,1,0,100.0,0,100.0,1,96.2,0,100.0,0,100.0,0,100.0,0,100.0,0,100.0,0,100.0,98.73,100.0,100.0,99.58
Subaru,WRX,2011,4,0,100.0,0,100.0,1,96.2,0,100.0,0,100.0,0,100.0,0,100.0,0,100.0,0,100.0,98.73,100.0,100.0,99.58
Subaru,WRX,2012,2,0,100.0,0,100.0,1,96.2,0,100.0,0,100.0,0,100.0,0,100.0,0,100.0,0,100.0,98.73,100.0,100.0,99.58
Subaru,WRX,2013,7,0,100.0,0,100.0,1,96.2,0,100.0,0,100.0,0,100.0,0,100.0,0,100.0,2,92.4,98.73,100.0,97.47,98.73
Subaru,WRX,2014,6,0,100.0,0,100.0,3,88.6,1,96.2,0,100.0,0,100.0,0,100.0,1,96.2,0,100.0,96.2,98.73,98.73,97.89
Subaru,WRX,2015,52,0,100.0,0,100.0,3,88.6,4,84.8,1,96.2,0,100.0,1,96.2,3,88.6,2,92.4,96.2,93.67,92.4,94.09
Subaru,WRX,2016,34,0,100.0,0,100.0,3,88.6,4,84.8,0,100.0,0,100.0,2,92.4,1,96.2,2,92.4,96.2,94.93,93.67,94.93
Subaru,WRX,2017,51,1,96.2,0,100.0,2,92.4,7,73.4,0,100.0,0,100.0,1,96.2,0,100.0,4,84.8,96.2,91.13,93.67,93.67
Subaru,WRX,2018,40,0,100.0,0,100.0,1,96.2,5,81.0,0,100.0,0,100.0,1,96.2,3,88.6,4,84.8,98.73,93.67,89.87,94.09
Subaru,WRX,2019,27,0,100.0,0,100.0,0,100.0,8,69.6,1,96.2,0,100.0,0,100.0,0,100.0,4,84.8,100.0,88.6,94.93,94.51
Subaru,WRX,2020,17,0,100.0,0,100.0,2,92.4,5,81.0,0,100.0,0,100.0,0,100.0,0,100.0,0,100.0,97.47,93.67,100.0,97.05
Subaru,WRX,2021,12,0,100.0,0,100.0,1,96.2,0,100.0,0,100.0,0,100.0,1,96.2,0,100.0,2,92.4,98.73,100.0,96.2,98.31
Subaru,WRX,2022,22,0,100.0,0,100.0,2,92.4,0,100.0,0,100.0,0,100.0,0,100.0,0,100.0,0,100.0,97.47,100.0,100.0,99.16
Subaru,WRX,2023,6,0,100.0,0,100.0,1,96.2,0,100.0,0,100.0,0,100.0,0,100.0,0,100.0,1,96.2,98.73,100.0,98.73,99.15
Subaru,WRX,2024,13,0,100.0,0,100.0,3,88.6,0,100.0,0,100.0,0,100.0,0,100.0,0,100.0,0,100.0,96.2,100.0,100.0,98.73
Subaru,WRX,2025,1,0,100.0,0,100.0,0,100.0,0,100.0,0,100.0,0,100.0,0,100.0,0,100.0,0,100.0,100.0,100.0,100.0,100.0
Subaru,Ascent,2019,431,0,100.0,2,92.4,37,5.0,141,5.0,4,84.8,10,62.0,1,96.2,1,96.2,18,31.6,65.8,50.6,74.67,63.69
Subaru,Ascent,2020,310,0,100.0,2,92.4,30,5.0,97,5.0,4,84.8,4,84.8,2,92.4,3,88.6,10,62.0,65.8,58.2,81.0,68.33
Subaru,Ascent,2021,93,0,100.0,0,100.0,10,62.0,10,62.0,1,96.2,1,96.2,0,100.0,0,100.0,3,88.6,87.33,84.8,96.2,89.44
Subaru,Ascent,2022,50,0,100.0,0,100.0,16,39.2,1,96.2,0,100.0,0,100.0,0,100.0,1,96.2,2,92.4,79.73,98.73,96.2,91.55
Subaru,Ascent,2023,36,0,100.0,0,100.0,10,62.0,1,96.2,0,100.0,0,100.0,0,100.0,0,100.0,0,100.0,87.33,98.73,100.0,95.35
Subaru,Ascent,2024,43,0,100.0,0,100.0,3,88.6,0,100.0,0,100.0,0,100.0,0,100.0,0,100.0,0,100.0,96.2,100.0,100.0,98.73
Subaru,Ascent,2025,8,0,100.0,0,100.0,0,100.0,0,100.0,0,100.0,0,100.0,0,100.0,0,100.0,0,100.0,100.0,100.0,100.0,100.0
Nissan,Altima,2000,181,0,100.0,0,100.0,21,20.2,4,84.8,1,96.2,0,100.0,5,81.0,13,50.6,13,50.6,73.4,93.67,60.73,75.93
Nissan,Altima,2001,174,1,96.2,0,100.0,16,39.2,8,69.6,1,96.2,0,100.0,1,96.2,14,46.8,14,46.8,78.47,88.6,63.27,76.78
Nissan,Altima,2002,1063,1,96.2,2,92.4,62,5.0,14,46.8,6,77.2,5,81.0,138,5.0,65,5.0,68,5.0,64.53,68.33,5.0,45.95
Nissan,Altima,2003,883,0,100.0,0,100.0,52,5.0,20,24.0,7,73.4,12,54.4,42,5.0,34,5.0,94,5.0,68.33,50.6,5.0,41.31
Nissan,Altima,2004,276,0,100.0,1,96.2,22,16.4,4,84.8,2,92.4,1,96.2,7,73.4,12,54.4,31,5.0,70.87,91.13,44.27,68.76
Nissan,Altima,2005,1089,0,100.0,3,88.6,82,5.0,25,5.0,5,81.0,4,84.8,31,5.0,20,24.0,64,5.0,64.53,56.93,11.33,44.26
Nissan,Altima,2006,824,1,96.2,0,100.0,68,5.0,16,39.2,5,81.0,9,65.8,22,16.4,15,43.0,42,5.0,67.07,62.0,21.47,50.18
Nissan,Altima,2007,497,1,96.2,1,96.2,97,5.0,16,39.2,1,96.2,3,88.6,17,35.4,9,65.8,10,62.0,65.8,74.67,54.4,64.96
Nissan,Altima,2008,1027,0,100.0,0,100.0,142,5.0,19,27.8,5,81.0,3,88.6,10,62.0,15,43.0,13,50.6,68.33,65.8,51.87,62.0
Nissan,Altima,2009,1547,1,96.2,3,88.6,177,5.0,175,5.0,5,81.0,29,5.0,14,46.8,102,5.0,14,46.8,63.27,30.33,32.87,42.16
Nissan,Altima,2010,378,0,100.0,0,100.0,60,5.0,24,8.8,4,84.8,6,77.2,6,77.2,15,43.0,8,69.6,68.33,56.93,63.27,62.84
Nissan,Altima,2011,240,0,100.0,0,100.0,21,20.2,11,58.2,1,96.2,2,92.4,4,84.8,7,73.4,7,73.4,73.4,82.27,77.2,77.62
Nissan,Altima,2012,421,2,92.4,0,100.0,32,5.0,10,62.0,4,84.8,0,100.0,17,35.4,9,65.8,15,43.0,65.8,82.27,48.07,65.38
Nissan,Altima,2013,2301,0,100.0,3,88.6,152,5.0,34,5.0,15,43.0,5,81.0,8,69.6,9,65.8,80,5.0,64.53,43.0,46.8,51.44
Nissan,Altima,2014,1098,1,96.2,1,96.2,52,5.0,18,31.6,2,92.4,0,100.0,4,84.8,12,54.4,34,5.0,65.8,74.67,48.07,62.85
Nissan,Altima,2015,936,1,96.2,1,96.2,48,5.0,18,31.6,4,84.8,0,100.0,1,96.2,5,81.0,18,31.6,65.8,72.13,69.6,69.18
Nissan,Altima,2016,541,0,100.0,3,88.6,30,5.0,13,50.6,3,88.6,0,100.0,4,84.8,2,92.4,33,5.0,64.53,79.73,60.73,68.33
Nissan,Altima,2017,375,0,100.0,2,92.4,26,5.0,4,84.8,0,100.0,0,100.0,5,81.0,1,96.2,16,39.2,65.8,94.93,72.13,77.62
Nissan,Altima,2018,218,1,96.2,0,100.0,43,5.0,7,73.4,1,96.2,0,100.0,1,96.2,2,92.4,3,88.6,67.07,89.87,92.4,83.11
Nissan,Altima,2019,211,0,100.0,1,96.2,39,5.0,11,58.2,0,100.0,0,100.0,9,65.8,2,92.4,6,77.2,67.07,86.07,78.47,77.2
Nissan,Altima,2020,165,1,96.2,2,92.4,16,39.2,6,77.2,0,100.0,0,100.0,3,88.6,1,96.2,4,84.8,75.93,92.4,89.87,86.07
Nissan,Altima,2021,56,0,100.0,0,100.0,16,39.2,1,96.2,1,96.2,0,100.0,0,100.0,0,100.0,0,100.0,79.73,97.47,100.0,92.4
Nissan,Altima,2022,20,0,100.0,0,100.0,4,84.8,2,92.4,0,100.0,0,100.0,0,100.0,0,100.0,0,100.0,94.93,97.47,100.0,97.47
Nissan,Altima,2023,24,0,100.0,0,100.0,4,84.8,3,88.6,2,92.4,0,100.0,0,100.0,1,96.2,1,96.2,94.93,93.67,97.47,95.36
Nissan,Altima,2024,34,0,100.0,0,100.0,3,88.6,0,100.0,0,100.0,0,100.0,1,96.2,0,100.0,0,100.0,96.2,100.0,98.73,98.31
Nissan,Altima,2025,5,0,100.0,0,100.0,0,100.0,0,100.0,0,100.0,0,100.0,0,100.0,0,100.0,0,100.0,100.0,100.0,100.0,100.0
Nissan,Sentra,2000,182,0,100.0,0,100.0,20,24.0,1,96.2,1,96.2,0,100.0,6,77.2,9,65.8,10,62.0,74.67,97.47,68.33,80.16
Nissan,Sentra,2001,248,1,96.2,1,96.2,32,5.0,6,77.2,1,96.2,2,92.4,8,69.6,14,46.8,12,54.4,65.8,88.6,56.93,70.44
Nissan,Sentra,2002,333,0,100.0,0,100.0,27,5.0,8,69.6,2,92.4,0,100.0,13,50.6,18,31.6,30,5.0,68.33,87.33,29.07,61.58
Nissan,Sentra,2003,180,0,100.0,0,100.0,12,54.4,7,73.4,1,96.2,1,96.2,8,69.6,17,35.4,23,12.6,84.8,88.6,39.2,70.87
Nissan,Sentra,2004,197,0,100.0,0,100.0,17,35.4,3,88.6,1,96.2,2,92.4,11,58.2,16,39.2,23,12.6,78.47,92.4,36.67,69.18
Nissan,Sentra,2005,170,0,100.0,1,96.2,13,50.6,3,88.6,0,100.0,1,96.2,42,5.0,14,46.8,19,27.8,82.27,94.93,26.53,67.91
Nissan,Sentra,2006,116,1,96.2,1,96.2,11,58.2,2,92.4,1,96.2,0,100.0,1,96.2,4,84.8,9,65.8,83.53,96.2,82.27,87.33
Nissan,Sentra,2007,153,1,96.2,0,100.0,29,5.0,5,81.0,0,100.0,0,100.0,4,84.8,3,88.6,9,65.8,67.07,93.67,79.73,80.16
Nissan,Sentra,2008,167,0,100.0,0,100.0,26,5.0,1,96.2,0,100.0,0,100.0,5,81.0,7,73.4,3,88.6,68.33,98.73,81.0,82.69
Nissan,Sentra,2009,55,1,96.2,0,100.0,13,50.6,3,88.6,1,96.2,1,96.2,0,100.0,2,92.4,2,92.4,82.27,93.67,94.93,90.29
Nissan,Sentra,2010,144,1,96.2,2,92.4,10,62.0,28,5.0,2,92.4,1,96.2,4,84.8,3,88.6,6,77.2,83.53,64.53,83.53,77.2
Nissan,Sentra,2011,141,0,100.0,0,100.0,25,5.0,14,46.8,1,96.2,2,92.4,7,73.4,5,81.0,12,54.4,68.33,78.47,69.6,72.13
Nissan,Sentra,2012,180,1,96.2,1,96.2,19,27.8,8,69.6,1,96.2,0,100.0,3,88.6,10,62.0,7,73.4,73.4,88.6,74.67,78.89
Nissan,Sentra,2013,634,0,100.0,2,92.4,111,5.0,5,81.0,2,92.4,0,100.0,6,77.2,8,69.6,43,5.0,65.8,91.13,50.6,69.18
Nissan,Sentra,2014,378,0,100.0,0,100.0,49,5.0,6,77.2,1,96.2,0,100.0,2,92.4,2,92.4,32,5.0,68.33,91.13,63.27,74.24
Nissan,Sentra,2015,344,2,92.4,1,96.2,26,5.0,2,92.4,0,100.0,1,96.2,4,84.8,5,81.0,30,5.0,64.53,96.2,56.93,72.55
Nissan,Sentra,2016,264,0,100.0,0,100.0,23,12.6,12,54.4,1,96.2,2,92.4,3,88.6,4,84.8,20,24.0,70.87,81.0,65.8,72.56
Nissan,Sentra,2017,223,0,100.0,0,100.0,39,5.0,11,58.2,5,81.0,1,96.2,2,92.4,3,88.6,8,69.6,68.33,78.47,83.53,76.78
Nissan,Sentra,2018,181,1,96.2,1,96.2,46,5.0,7,73.4,0,100.0,2,92.4,1,96.2,3,88.6,4,84.8,65.8,88.6,89.87,81.42
Nissan,Sentra,2019,214,0,100.0,1,96.2,50,5.0,28,5.0,4,84.8,1,96.2,0,100.0,3,88.6,7,73.4,67.07,62.0,87.33,72.13
Nissan,Sentra,2020,193,2,92.4,2,92.4,39,5.0,6,77.2,4,84.8,2,92.4,0,100.0,1,96.2,1,96.2,63.27,84.8,97.47,81.85
Nissan,Sentra,2021,121,0,100.0,0,100.0,27,5.0,14,46.8,6,77.2,0,100.0,0,100.0,0,100.0,0,100.0,68.33,74.67,100.0,81.0
Nissan,Sentra,2022,75,0,100.0,2,92.4,11,58.2,8,69.6,1,96.2,0,100.0,0,100.0,0,100.0,2,92.4,83.53,88.6,97.47,89.87
Nissan,Sentra,2023,17,0,100.0,0,100.0,2,92.4,3,88.6,1,96.2,0,100.0,0,100.0,0,100.0,0,100.0,97.47,94.93,100.0,97.47
Nissan,Sentra,2024,27,2,92.4,0,100.0,5,81.0,1,96.2,0,100.0,0,100.0,0,100.0,0,100.0,0,100.0,91.13,98.73,100.0,96.62
Nissan,Sentra,2025,20,0,100.0,0,100.0,5,81.0,1,96.2,0,100.0,0,100.0,0,100.0,0,100.0,2,92.4,93.67,98.73,97.47,96.62
Nissan,Rogue,2007,1,0,100.0,0,100.0,0,100.0,0,100.0,0,100.0,0,100.0,0,100.0,0,100.0,0,100.0,100.0,100.0,100.0,100.0
Nissan,Rogue,2008,427,0,100.0,0,100.0,16,39.2,1,96.2,0,100.0,1,96.2,11,58.2,6,77.2,17,35.4,79.73,97.47,56.93,78.04
Nissan,Rogue,2009,319,3,88.6,1,96.2,10,62.0,1,96.2,0,100.0,1,96.2,12,54.4,3,88.6,10,62.0,82.27,97.47,68.33,82.69
Nissan,Rogue,2010,282,0,100.0,0,100.0,25,5.0,7,73.4,1,96.2,1,96.2,13,50.6,3,88.6,14,46.8,68.33,88.6,62.0,72.98
Nissan,Rogue,2011,361,3,88.6,2,92.4,20,24.0,15,43.0,3,88.6,1,96.2,20,24.0,8,69.6,13,50.6,68.33,75.93,48.07,64.11
Nissan,Rogue,2012,316,1,96.2,1,96.2,26,5.0,4,84.8,0,100.0,1,96.2,17,35.4,3,88.6,8,69.6,65.8,93.67,64.53,74.67
Nissan,Rogue,2013,604,1,96.2,0,100.0,27,5.0,14,46.8,3,88.6,1,96.2,37,5.0,9,65.8,30,5.0,67.07,77.2,25.27,56.51
Nissan,Rogue,2014,430,2,92.4,1,96.2,22,16.4,11,58.2,1,96.2,2,92.4,11,58.2,3,88.6,57,5.0,68.33,82.27,50.6,67.07
Nissan,Rogue,2015,538,0,100.0,1,96.2,43,5.0,11,58.2,0,100.0,1,96.2,9,65.8,7,73.4,17,35.4,67.07,84.8,58.2,70.02
Nissan,Rogue,2016,530,2,92.4,2,92.4,33,5.0,17,35.4,5,81.0,2,92.4,5,81.0,6,77.2,20,24.0,63.27,69.6,60.73,64.53
Nissan,Rogue,2017,576,0,100.0,3,88.6,116,5.0,7,73.4,4,84.8,0,100.0,7,73.4,5,81.0,21,20.2,64.53,86.07,58.2,69.6
Nissan,Rogue,2018,612,0,100.0,0,100.0,213,5.0,11,58.2,2,92.4,0,100.0,6,77.2,8,69.6,13,50.6,68.33,83.53,65.8,72.55
Nissan,Rogue,2019,320,0,100.0,0,100.0,108,5.0,8,69.6,1,96.2,1,96.2,2,92.4,3,88.6,6,77.2,68.33,87.33,86.07,80.58
Nissan,Rogue,2020,142,0,100.0,0,100.0,36,5.0,4,84.8,1,96.2,2,92.4,0,100.0,4,84.8,2,92.4,68.33,91.13,92.4,83.95
Nissan,Rogue,2021,247,0,100.0,0,100.0,30,5.0,16,39.2,4,84.8,1,96.2,12,54.4,0,100.0,12,54.4,68.33,73.4,69.6,70.44
Nissan,Rogue,2022,220,0,100.0,1,96.2,21,20.2,7,73.4,2,92.4,0,100.0,22,16.4,4,84.8,20,24.0,72.13,88.6,41.73,67.49
Nissan,Rogue,2023,569,0,100.0,0,100.0,34,5.0,18,31.6,0,100.0,2,92.4,27,5.0,7,73.4,27,5.0,68.33,74.67,27.8,56.93
Nissan,Rogue,2024,144,0,100.0,1,96.2,7,73.4,1,96.2,0,100.0,0,100.0,2,92.4,1,96.2,9,65.8,89.87,98.73,84.8,91.13
Nissan,Rogue,2025,138,0,100.0,0,100.0,5,81.0,1,96.2,0,100.0,0,100.0,0,100.0,0,100.0,0,100.0,93.67,98.73,100.0,97.47
Nissan,Pathfinder,2000,129,0,100.0,1,96.2,18,31.6,0,100.0,0,100.0,0,100.0,1,96.2,8,69.6,10,62.0,75.93,100.0,75.93,83.95
Nissan,Pathfinder,2001,239,2,92.4,1,96.2,29,5.0,4,84.8,0,100.0,0,100.0,5,81.0,3,88.6,11,58.2,64.53,94.93,75.93,78.46
Nissan,Pathfinder,2002,171,1,96.2,0,100.0,23,12.6,0,100.0,0,100.0,0,100.0,3,88.6,4,84.8,3,88.6,69.6,100.0,87.33,85.64
Nissan,Pathfinder,2003,110,0,100.0,0,100.0,18,31.6,0,100.0,0,100.0,0,100.0,1,96.2,0,100.0,4,84.8,77.2,100.0,93.67,90.29
Nissan,Pathfinder,2004,67,0,100.0,0,100.0,17,35.4,0,100.0,0,100.0,0,100.0,4,84.8,0,100.0,1,96.2,78.47,100.0,93.67,90.71
Nissan,Pathfinder,2005,1050,0,100.0,2,92.4,47,5.0,6,77.2,0,100.0,3,88.6,556,5.0,8,69.6,81,5.0,65.8,88.6,26.53,60.31
Nissan,Pathfinder,2006,837,0,100.0,0,100.0,26,5.0,6,77.2,2,92.4,2,92.4,435,5.0,5,81.0,103,5.0,68.33,87.33,30.33,62.0
Nissan,Pathfinder,2007,561,0,100.0,0,100.0,26,5.0,4,84.8,0,100.0,2,92.4,331,5.0,4,84.8,25,5.0,68.33,92.4,31.6,64.11
Nissan,Pathfinder,2008,328,0,100.0,1,96.2,24,8.8,6,77.2,1,96.2,3,88.6,157,5.0,2,92.4,36,5.0,68.33,87.33,34.13,63.26
Nissan,Pathfinder,2009,37,0,100.0,0,100.0,6,77.2,1,96.2,0,100.0,1,96.2,9,65.8,5,81.0,3,88.6,92.4,97.47,78.47,89.45
Nissan,Pathfinder,2010,40,0,100.0,0,100.0,4,84.8,0,100.0,0,100.0,0,100.0,13,50.6,1,96.2,2,92.4,94.93,100.0,79.73,91.55
Nissan,Pathfinder,2011,45,0,100.0,0,100.0,6,77.2,1,96.2,1,96.2,0,100.0,1,96.2,1,96.2,1,96.2,92.4,97.47,96.2,95.36
Nissan,Pathfinder,2012,23,0,100.0,0,100.0,1,96.2,2,92.4,0,100.0,0,100.0,1,96.2,0,100.0,0,100.0,98.73,97.47,98.73,98.31
Nissan,Pathfinder,2013,885,0,100.0,6,77.2,118,5.0,10,62.0,2,92.4,1,96.2,14,46.8,5,81.0,40,5.0,60.73,83.53,44.27,62.84
Nissan,Pathfinder,2014,565,2,92.4,1,96.2,61,5.0,15,43.0,3,88.6,0,100.0,7,73.4,4,84.8,21,20.2,64.53,77.2,59.47,67.07
Nissan,Pathfinder,2015,316,0,100.0,2,92.4,46,5.0,10,62.0,5,81.0,1,96.2,39,5.0,4,84.8,15,43.0,65.8,79.73,44.27,63.27
Nissan,Pathfinder,2016,104,0,100.0,1,96.2,17,35.4,0,100.0,1,96.2,0,100.0,17,35.4,1,96.2,0,100.0,77.2,98.73,77.2,84.38
Nissan,Pathfinder,2017,183,1,96.2,0,100.0,18,31.6,8,69.6,3,88.6,0,100.0,37,5.0,3,88.6,13,50.6,75.93,86.07,48.07,70.02
Nissan,Pathfinder,2018,76,0,100.0,0,100.0,11,58.2,3,88.6,0,100.0,0,100.0,1,96.2,2,92.4,4,84.8,86.07,96.2,91.13,91.13
Nissan,Pathfinder,2019,71,0,100.0,0,100.0,15,43.0,2,92.4,0,100.0,0,100.0,0,100.0,1,96.2,1,96.2,81.0,97.47,97.47,91.98
Nissan,Pathfinder,2020,45,1,96.2,0,100.0,9,65.8,2,92.4,1,96.2,1,96.2,2,92.4,0,100.0,2,92.4,87.33,94.93,94.93,92.4
Nissan,Pathfinder,2021,0,0,100.0,0,100.0,0,100.0,0,100.0,0,100.0,0,100.0,0,100.0,0,100.0,0,100.0,100.0,100.0,100.0,100.0
Nissan,Pathfinder,2022,124,0,100.0,0,100.0,39,5.0,6,77.2,0,100.0,0,100.0,3,88.6,0,100.0,2,92.4,68.33,92.4,93.67,84.8
Nissan,Pathfinder,2023,90,0,100.0,0,100.0,26,5.0,3,88.6,0,100.0,0,100.0,0,100.0,3,88.6,12,54.4,68.33,96.2,81.0,81.84
Nissan,Pathfinder,2024,47,0,100.0,0,100.0,10,62.0,5,81.0,0,100.0,0,100.0,1,96.2,0,100.0,4,84.8,87.33,93.67,93.67,91.56
Nissan,Pathfinder,2025,34,0,100.0,0,100.0,6,77.2,0,100.0,0,100.0,0,100.0,0,100.0,0,100.0,1,96.2,92.4,100.0,98.73,97.04
Nissan,Frontier,2000,210,0,100.0,0,100.0,25,5.0,4,84.8,0,100.0,0,100.0,1,96.2,9,65.8,14,46.8,68.33,94.93,69.6,77.62
Nissan,Frontier,2001,145,0,100.0,1,96.2,20,24.0,3,88.6,0,100.0,0,100.0,4,84.8,2,92.4,9,65.8,73.4,96.2,81.0,83.53
Nissan,Frontier,2002,139,0,100.0,1,96.2,35,5.0,2,92.4,2,92.4,0,100.0,3,88.6,4,84.8,7,73.4,67.07,94.93,82.27,81.42
Nissan,Frontier,2003,77,0,100.0,2,92.4,13,50.6,0,100.0,0,100.0,0,100.0,2,92.4,1,96.2,6,77.2,81.0,100.0,88.6,89.87
Nissan,Frontier,2004,66,1,96.2,1,96.2,8,69.6,0,100.0,0,100.0,1,96.2,4,84.8,4,84.8,2,92.4,87.33,98.73,87.33,91.13
Nissan,Frontier,2011,64,0,100.0,0,100.0,16,39.2,1,96.2,0,100.0,1,96.2,3,88.6,2,92.4,1,96.2,79.73,97.47,92.4,89.87
Nissan,Frontier,2012,78,0,100.0,0,100.0,5,81.0,1,96.2,0,100.0,0,100.0,2,92.4,1,96.2,2,92.4,93.67,98.73,93.67,95.36
Nissan,Frontier,2013,48,0,100.0,0,100.0,7,73.4,0,100.0,0,100.0,0,100.0,2,92.4,1,96.2,1,96.2,91.13,100.0,94.93,95.35
Nissan,Frontier,2014,41,0,100.0,0,100.0,4,84.8,1,96.2,0,100.0,0,100.0,0,100.0,3,88.6,1,96.2,94.93,98.73,94.93,96.2
Nissan,Frontier,2015,33,0,100.0,0,100.0,3,88.6,1,96.2,0,100.0,0,100.0,2,92.4,0,100.0,0,100.0,96.2,98.73,97.47,97.47
Nissan,Frontier,2016,42,0,100.0,0,100.0,3,88.6,0,100.0,0,100.0,0,100.0,2,92.4,1,96.2,3,88.6,96.2,100.0,92.4,96.2
Nissan,Frontier,2017,37,0,100.0,0,100.0,1,96.2,4,84.8,1,96.2,0,100.0,1,96.2,3,88.6,1,96.2,98.73,93.67,93.67,95.36
Nissan,Frontier,2018,25,0,100.0,0,100.0,5,81.0,2,92.4,1,96.2,1,96.2,1,96.2,3,88.6,1,96.2,93.67,94.93,93.67,94.09
Nissan,Frontier,2019,26,0,100.0,0,100.0,5,81.0,1,96.2,2,92.4,0,100.0,0,100.0,1,96.2,1,96.2,93.67,96.2,97.47,95.78
Nissan,Frontier,2021,17,0,100.0,0,100.0,3,88.6,1,96.2,0,100.0,0,100.0,0,100.0,0,100.0,0,100.0,96.2,98.73,100.0,98.31
Nissan,Frontier,2022,105,0,100.0,0,100.0,38,5.0,2,92.4,0,100.0,0,100.0,0,100.0,0,100.0,1,96.2,68.33,97.47,98.73,88.18
Nissan,Frontier,2025,6,0,100.0,0,100.0,2,92.4,0,100.0,0,100.0,0,100.0,1,96.2,0,100.0,0,100.0,97.47,100.0,98.73,98.73
BMW,3 Series,2000,88,0,100.0,0,100.0,8,69.6,1,96.2,0,100.0,0,100.0,3,88.6,0,100.0,0,100.0,89.87,98.73,96.2,94.93
BMW,3 Series,2001,36,0,100.0,0,100.0,8,69.6,0,100.0,0,100.0,0,100.0,0,100.0,1,96.2,2,92.4,89.87,100.0,96.2,95.36
BMW,3 Series,2002,442,3,88.6,1,96.2,51,5.0,9,65.8,4,84.8,0,100.0,11,58.2,5,81.0,9,65.8,63.27,83.53,68.33,71.71
BMW,3 Series,2003,488,0,100.0,0,100.0,57,5.0,7,73.4,1,96.2,0,100.0,10,62.0,11,58.2,29,5.0,68.33,89.87,41.73,66.64
BMW,3 Series,2004,557,0,100.0,0,100.0,40,5.0,3,88.6,1,96.2,0,100.0,6,77.2,6,77.2,15,43.0,68.33,94.93,65.8,76.35
BMW,3 Series,2005,226,0,100.0,0,100.0,30,5.0,1,96.2,0,100.0,0,100.0,5,81.0,2,92.4,3,88.6,68.33,98.73,87.33,84.8
BMW,3 Series,2006,1242,2,92.4,2,92.4,46,5.0,32,5.0,4,84.8,2,92.4,34,5.0,18,31.6,7,73.4,63.27,60.73,36.67,53.56
BMW,3 Series,2007,1036,0,100.0,0,100.0,53,5.0,68,5.0,8,69.6,11,58.2,50,5.0,25,5.0,157,5.0,68.33,44.27,5.0,39.2
BMW,3 Series,2008,689,1,96.2,0,100.0,47,5.0,30,5.0,3,88.6,7,73.4,38,5.0,23,12.6,125,5.0,67.07,55.67,7.53,43.42
BMW,3 Series,2009,387,0,100.0,0,100.0,25,5.0,20,24.0,4,84.8,4,84.8,13,50.6,2,92.4,69,5.0,68.33,64.53,49.33,60.73
BMW,3 Series,2010,267,0,100.0,1,96.2,13,50.6,19,27.8,1,96.2,1,96.2,9,65.8,12,54.4,31,5.0,82.27,73.4,41.73,65.8
BMW,3 Series,2016,93,0,100.0,0,100.0,20,24.0,5,81.0,0,100.0,1,96.2,5,81.0,2,92.4,5,81.0,74.67,92.4,84.8,83.96
BMW,3 Series,2017,70,0,100.0,0,100.0,4,84.8,4,84.8,0,100.0,1,96.2,25,5.0,0,100.0,7,73.4,94.93,93.67,59.47,82.69
BMW,3 Series,2018,58,0,100.0,0,100.0,4,84.8,0,100.0,0,100.0,1,96.2,18,31.6,0,100.0,12,54.4,94.93,98.73,62.0,85.22
BMW,3 Series,2019,37,0,100.0,0,100.0,2,92.4,1,96.2,1,96.2,2,92.4,4,84.8,2,92.4,1,96.2,97.47,94.93,91.13,94.51
BMW,3 Series,2020,46,0,100.0,0,100.0,2,92.4,2,92.4,0,100.0,5,81.0,8,69.6,3,88.6,1,96.2,97.47,91.13,84.8,91.13
BMW,3 Series,2021,28,1,96.2,0,100.0,4,84.8,2,92.4,0,100.0,4,84.8,1,96.2,0,100.0,0,100.0,93.67,92.4,98.73,94.93
BMW,3 Series,2022,6,1,96.2,0,100.0,1,96.2,0,100.0,0,100.0,0,100.0,0,100.0,0,100.0,0,100.0,97.47,100.0,100.0,99.16
BMW,5 Series,2000,2,0,100.0,0,100.0,0,100.0,0,100.0,0,100.0,0,100.0,0,100.0,0,100.0,0,100.0,100.0,100.0,100.0,100.0
BMW,5 Series,2001,3,0,100.0,0,100.0,0,100.0,0,100.0,0,100.0,0,100.0,0,100.0,0,100.0,0,100.0,100.0,100.0,100.0,100.0
BMW,5 Series,2004,319,0,100.0,0,100.0,22,16.4,19,27.8,4,84.8,1,96.2,8,69.6,6,77.2,7,73.4,72.13,69.6,73.4,71.71
BMW,5 Series,2005,192,0,100.0,0,100.0,28,5.0,11,58.2,1,96.2,0,100.0,6,77.2,2,92.4,4,84.8,68.33,84.8,84.8,79.31
BMW,5 Series,2006,388,1,96.2,0,100.0,43,5.0,22,16.4,1,96.2,0,100.0,14,46.8,5,81.0,7,73.4,67.07,70.87,67.07,68.34
BMW,5 Series,2007,284,0,100.0,0,100.0,24,8.8,10,62.0,1,96.2,1,96.2,17,35.4,5,81.0,3,88.6,69.6,84.8,68.33,74.24
BMW,5 Series,2008,432,0,100.0,0,100.0,46,5.0,21,20.2,5,81.0,1,96.2,40,5.0,22,16.4,77,5.0,68.33,65.8,8.8,47.64
BMW,5 Series,2009,110,0,100.0,0,100.0,11,58.2,8,69.6,1,96.2,0,100.0,8,69.6,5,81.0,47,5.0,86.07,88.6,51.87,75.51
BMW,5 Series,2010,180,1,96.2,0,100.0,17,35.4,7,73.4,3,88.6,1,96.2,9,65.8,6,77.2,44,5.0,77.2,86.07,49.33,70.87
BMW,5 Series,2016,81,1,96.2,0,100.0,0,100.0,0,100.0,1,96.2,0,100.0,19,27.8,2,92.4,6,77.2,98.73,98.73,65.8,87.75
BMW,5 Series,2018,78,0,100.0,0,100.0,4,84.8,4,84.8,0,100.0,0,100.0,6,77.2,1,96.2,0,100.0,94.93,94.93,91.13,93.66
BMW,5 Series,2019,34,1,96.2,0,100.0,6,77.2,0,100.0,0,100.0,0,100.0,3,88.6,1,96.2,1,96.2,91.13,100.0,93.67,94.93
BMW,5 Series,2020,12,0,100.0,0,100.0,1,96.2,0,100.0,0,100.0,0,100.0,1,96.2,0,100.0,1,96.2,98.73,100.0,97.47,98.73
BMW,5 Series,2021,24,0,100.0,0,100.0,4,84.8,3,88.6,0,100.0,1,96.2,1,96.2,1,96.2,0,100.0,94.93,94.93,97.47,95.78
BMW,5 Series,2022,13,0,100.0,0,100.0,1,96.2,1,96.2,0,100.0,0,100.0,1,96.2,0,100.0,0,100.0,98.73,98.73,98.73,98.73
BMW,X3,2004,219,0,100.0,0,100.0,21,20.2,1,96.2,0,100.0,1,96.2,7,73.4,3,88.6,6,77.2,73.4,97.47,79.73,83.53
BMW,X3,2005,128,1,96.2,0,100.0,6,77.2,0,100.0,0,100.0,0,100.0,7,73.4,5,81.0,0,100.0,91.13,100.0,84.8,91.98
BMW,X3,2006,344,0,100.0,0,100.0,12,54.4,3,88.6,0,100.0,0,100.0,8,69.6,3,88.6,3,88.6,84.8,96.2,82.27,87.76
BMW,X3,2007,373,0,100.0,1,96.2,20,24.0,11,58.2,2,92.4,0,100.0,19,27.8,4,84.8,30,5.0,73.4,83.53,39.2,65.38
BMW,X3,2008,190,1,96.2,0,100.0,8,69.6,5,81.0,0,100.0,1,96.2,12,54.4,1,96.2,13,50.6,88.6,92.4,67.07,82.69
BMW,X3,2009,87,0,100.0,0,100.0,5,81.0,2,92.4,0,100.0,0,100.0,4,84.8,0,100.0,8,69.6,93.67,97.47,84.8,91.98
BMW,X3,2010,85,0,100.0,0,100.0,5,81.0,0,100.0,0,100.0,0,100.0,2,92.4,2,92.4,3,88.6,93.67,100.0,91.13,94.93
BMW,X3,2016,80,0,100.0,0,100.0,17,35.4,4,84.8,0,100.0,0,100.0,9,65.8,1,96.2,7,73.4,78.47,94.93,78.47,83.96
BMW,X3,2017,91,0,100.0,1,96.2,17,35.4,1,96.2,2,92.4,0,100.0,9,65.8,0,100.0,12,54.4,77.2,96.2,73.4,82.27
BMW,X3,2018,70,1,96.2,0,100.0,6,77.2,2,92.4,0,100.0,0,100.0,14,46.8,1,96.2,0,100.0,91.13,97.47,81.0,89.87
BMW,X3,2019,154,0,100.0,0,100.0,14,46.8,6,77.2,0,100.0,0,100.0,24,8.8,2,92.4,2,92.4,82.27,92.4,64.53,79.73
BMW,X3,2020,93,0,100.0,0,100.0,6,77.2,4,84.8,0,100.0,3,88.6,5,81.0,1,96.2,2,92.4,92.4,91.13,89.87,91.13
BMW,X3,2021,85,0,100.0,0,100.0,8,69.6,5,81.0,0,100.0,5,81.0,2,92.4,1,96.2,0,100.0,89.87,87.33,96.2,91.13
BMW,X3,2022,59,0,100.0,0,100.0,7,73.4,0,100.0,0,100.0,1,96.2,0,100.0,0,100.0,2,92.4,91.13,98.73,97.47,95.78
BMW,X3,2023,9,0,100.0,0,100.0,1,96.2,0,100.0,0,100.0,0,100.0,0,100.0,0,100.0,0,100.0,98.73,100.0,100.0,99.58
BMW,X3,2024,29,0,100.0,0,100.0,4,84.8,0,100.0,0,100.0,0,100.0,0,100.0,0,100.0,0,100.0,94.93,100.0,100.0,98.31
BMW,X3,2025,30,0,100.0,0,100.0,5,81.0,3,88.6,0,100.0,2,92.4,4,84.8,0,100.0,3,88.6,93.67,93.67,91.13,92.82
BMW,X5,2000,29,0,100.0,0,100.0,5,81.0,0,100.0,0,100.0,0,100.0,0,100.0,0,100.0,1,96.2,93.67,100.0,98.73,97.47
BMW,X5,2001,175,0,100.0,0,100.0,17,35.4,1,96.2,0,100.0,0,100.0,17,35.4,4,84.8,10,62.0,78.47,98.73,60.73,79.31
BMW,X5,2002,116,0,100.0,0,100.0,14,46.8,5,81.0,0,100.0,0,100.0,4,84.8,3,88.6,4,84.8,82.27,93.67,86.07,87.34
BMW,X5,2003,114,0,100.0,0,100.0,10,62.0,4,84.8,0,100.0,0,100.0,5,81.0,8,69.6,3,88.6,87.33,94.93,79.73,87.33
BMW,X5,2004,127,0,100.0,0,100.0,12,54.4,7,73.4,1,96.2,1,96.2,5,81.0,2,92.4,4,84.8,84.8,88.6,86.07,86.49
BMW,X5,2005,103,1,96.2,0,100.0,21,20.2,4,84.8,2,92.4,0,100.0,2,92.4,2,92.4,2,92.4,72.13,92.4,92.4,85.64
BMW,X5,2006,279,1,96.2,0,100.0,52,5.0,7,73.4,4,84.8,1,96.2,7,73.4,5,81.0,7,73.4,67.07,84.8,75.93,75.93
BMW,X5,2007,143,0,100.0,0,100.0,32,5.0,10,62.0,1,96.2,0,100.0,9,65.8,0,100.0,19,27.8,68.33,86.07,64.53,72.98
BMW,X5,2008,333,0,100.0,1,96.2,48,5.0,10,62.0,2,92.4,1,96.2,49,5.0,11,58.2,83,5.0,67.07,83.53,22.73,57.78
BMW,X5,2009,161,0,100.0,0,100.0,22,16.4,7,73.4,2,92.4,1,96.2,15,43.0,2,92.4,48,5.0,72.13,87.33,46.8,68.75
BMW,X5,2010,147,0,100.0,0,100.0,7,73.4,14,46.8,3,88.6,1,96.2,11,58.2,6,77.2,29,5.0,91.13,77.2,46.8,71.71
BMW,X5,2011,306,1,96.2,0,100.0,22,16.4,10,62.0,5,81.0,3,88.6,31,5.0,5,81.0,29,5.0,70.87,77.2,30.33,59.47
BMW,X5,2016,68,0,100.0,0,100.0,4,84.8,11,58.2,1,96.2,0,100.0,7,73.4,0,100.0,7,73.4,94.93,84.8,82.27,87.33
BMW,X5,2017,73,0,100.0,0,100.0,8,69.6,2,92.4,1,96.2,0,100.0,7,73.4,1,96.2,16,39.2,89.87,96.2,69.6,85.22
BMW,X5,2018,63,0,100.0,0,100.0,5,81.0,5,81.0,0,100.0,0,100.0,7,73.4,1,96.2,10,62.0,93.67,93.67,77.2,88.18
BMW,X5,2019,158,0,100.0,0,100.0,15,43.0,11,58.2,1,96.2,34,5.0,16,39.2,3,88.6,4,84.8,81.0,53.13,70.87,68.33
BMW,X5,2020,91,0,100.0,0,100.0,10,62.0,6,77.2,0,100.0,25,5.0,11,58.2,1,96.2,1,96.2,87.33,60.73,83.53,77.2
BMW,X5,2021,87,0,100.0,0,100.0,12,54.4,12,54.4,1,96.2,13,50.6,8,69.6,0,100.0,2,92.4,84.8,67.07,87.33,79.73
BMW,X5,2022,52,0,100.0,0,100.0,12,54.4,4,84.8,0,100.0,1,96.2,7,73.4,0,100.0,1,96.2,84.8,93.67,89.87,89.45
BMW,X5,2023,27,0,100.0,0,100.0,4,84.8,1,96.2,0,100.0,0,100.0,0,100.0,0,100.0,0,100.0,94.93,98.73,100.0,97.89
BMW,X5,2024,137,0,100.0,0,100.0,78,5.0,8,69.6,0,100.0,0,100.0,2,92.4,0,100.0,3,88.6,68.33,89.87,93.67,83.96
BMW,X5,2025,52,0,100.0,0,100.0,24,8.8,4,84.8,1,96.2,0,100.0,1,96.2,0,100.0,2,92.4,69.6,93.67,96.2,86.49
BMW,7 Series,2000,2,0,100.0,0,100.0,1,96.2,0,100.0,0,100.0,0,100.0,0,100.0,0,100.0,0,100.0,98.73,100.0,100.0,99.58
BMW,7 Series,2001,2,0,100.0,0,100.0,0,100.0,0,100.0,0,100.0,0,100.0,1,96.2,0,100.0,0,100.0,100.0,100.0,98.73,99.58
BMW,7 Series,2002,102,0,100.0,0,100.0,22,16.4,4,84.8,1,96.2,0,100.0,1,96.2,2,92.4,11,58.2,72.13,93.67,82.27,82.69
BMW,7 Series,2003,97,0,100.0,0,100.0,26,5.0,3,88.6,0,100.0,0,100.0,6,77.2,2,92.4,10,62.0,68.33,96.2,77.2,80.58
BMW,7 Series,2004,91,0,100.0,0,100.0,15,43.0,4,84.8,4,84.8,0,100.0,4,84.8,0,100.0,10,62.0,81.0,89.87,82.27,84.38
BMW,7 Series,2005,49,0,100.0,0,100.0,7,73.4,7,73.4,2,92.4,1,96.2,3,88.6,2,92.4,2,92.4,91.13,87.33,91.13,89.86
BMW,7 Series,2006,317,0,100.0,0,100.0,38,5.0,8,69.6,2,92.4,1,96.2,6,77.2,5,81.0,15,43.0,68.33,86.07,67.07,73.82
BMW,7 Series,2007,127,0,100.0,0,100.0,19,27.8,5,81.0,1,96.2,0,100.0,1,96.2,0,100.0,0,100.0,75.93,92.4,98.73,89.02
BMW,7 Series,2008,93,0,100.0,0,100.0,6,77.2,7,73.4,0,100.0,0,100.0,1,96.2,1,96.2,1,96.2,92.4,91.13,96.2,93.24
BMW,7 Series,2009,26,0,100.0,0,100.0,1,96.2,2,92.4,0,100.0,0,100.0,2,92.4,1,96.2,3,88.6,98.73,97.47,92.4,96.2
BMW,7 Series,2010,48,1,96.2,0,100.0,4,84.8,2,92.4,0,100.0,0,100.0,8,69.6,2,92.4,8,69.6,93.67,97.47,77.2,89.45
BMW,7 Series,2017,12,0,100.0,0,100.0,0,100.0,1,96.2,0,100.0,0,100.0,0,100.0,1,96.2,0,100.0,100.0,98.73,98.73,99.15
BMW,7 Series,2018,7,0,100.0,0,100.0,1,96.2,0,100.0,0,100.0,0,100.0,2,92.4,0,100.0,0,100.0,98.73,100.0,97.47,98.73
BMW,7 Series,2019,3,0,100.0,0,100.0,0,100.0,0,100.0,0,100.0,0,100.0,0,100.0,0,100.0,0,100.0,100.0,100.0,100.0,100.0
BMW,7 Series,2020,4,0,100.0,0,100.0,0,100.0,1,96.2,0,100.0,0,100.0,0,100.0,0,100.0,1,96.2,100.0,98.73,98.73,99.15
BMW,7 Series,2021,2,0,100.0,0,100.0,0,100.0,0,100.0,0,100.0,0,100.0,0,100.0,0,100.0,0,100.0,100.0,100.0,100.0,100.0
BMW,7 Series,2022,4,0,100.0,0,100.0,0,100.0,0,100.0,0,100.0,2,92.4,0,100.0,0,100.0,0,100.0,100.0,97.47,100.0,99.16
Ford,F-150,2000,1211,1,96.2,0,100.0,155,5.0,17,35.4,2,92.4,8,69.6,22,16.4,101,5.0,42,5.0,67.07,65.8,8.8,47.22
Ford,F-150,2001,1347,0,100.0,1,96.2,117,5.0,8,69.6,1,96.2,3,88.6,24,8.8,217,5.0,36,5.0,67.07,84.8,6.27,52.71
Ford,F-150,2002,955,1,96.2,4,84.8,96,5.0,16,39.2,4,84.8,9,65.8,14,46.8,280,5.0,45,5.0,62.0,63.27,18.93,48.07
Ford,F-150,2003,461,2,92.4,2,92.4,54,5.0,8,69.6,1,96.2,1,96.2,5,81.0,75,5.0,16,39.2,63.27,87.33,41.73,64.11
Ford,F-150,2004,2034,0,100.0,4,84.8,213,5.0,11,58.2,5,81.0,4,84.8,10,62.0,139,5.0,61,5.0,63.27,74.67,24.0,53.98
Ford,F-150,2005,1120,3,88.6,3,88.6,197,5.0,9,65.8,2,92.4,4,84.8,4,84.8,116,5.0,64,5.0,60.73,81.0,31.6,57.78
Ford,F-150,2006,586,1,96.2,1,96.2,124,5.0,3,88.6,0,100.0,3,88.6,6,77.2,73,5.0,57,5.0,65.8,92.4,29.07,62.42
Ford,F-150,2007,491,1,96.2,2,92.4,94,5.0,4,84.8,2,92.4,2,92.4,8,69.6,62,5.0,28,5.0,64.53,89.87,26.53,60.31
Ford,F-150,2008,368,1,96.2,0,100.0,84,5.0,6,77.2,2,92.4,4,84.8,5,81.0,33,5.0,23,12.6,67.07,84.8,32.87,61.58
Ford,F-150,2009,323,0,100.0,0,100.0,90,5.0,8,69.6,0,100.0,1,96.2,5,81.0,12,54.4,22,16.4,68.33,88.6,50.6,69.18
Ford,Mustang,2000,474,0,100.0,1,96.2,91,5.0,3,88.6,3,88.6,1,96.2,14,46.8,25,5.0,21,20.2,67.07,91.13,24.0,60.73
Ford,Mustang,2001,283,0,100.0,1,96.2,53,5.0,3,88.6,0,100.0,0,100.0,3,88.6,18,31.6,20,24.0,67.07,96.2,48.07,70.45
Ford,Mustang,2002,213,0,100.0,2,92.4,34,5.0,2,92.4,0,100.0,0,100.0,3,88.6,19,27.8,20,24.0,65.8,97.47,46.8,70.02
Ford,Mustang,2003,269,0,100.0,1,96.2,59,5.0,3,88.6,0,100.0,0,100.0,7,73.4,17,35.4,35,5.0,67.07,96.2,37.93,67.07
Ford,Mustang,2004,129,0,100.0,0,100.0,27,5.0,2,92.4,2,92.4,1,96.2,1,96.2,9,65.8,2,92.4,68.33,93.67,84.8,82.27
Ford,Mustang,2005,868,1,96.2,1,96.2,93,5.0,26,5.0,10,62.0,1,96.2,20,24.0,19,27.8,32,5.0,65.8,54.4,18.93,46.38
Ford,Mustang,2006,573,0,100.0,1,96.2,65,5.0,15,43.0,8,69.6,2,92.4,10,62.0,13,50.6,22,16.4,67.07,68.33,43.0,59.47
Ford,Mustang,2007,615,0,100.0,0,100.0,48,5.0,9,65.8,2,92.4,0,100.0,3,88.6,6,77.2,10,62.0,68.33,86.07,75.93,76.78
Ford,Mustang,2008,346,0,100.0,0,100.0,31,5.0,3,88.6,0,100.0,1,96.2,1,96.2,5,81.0,1,96.2,68.33,94.93,91.13,84.8
Ford,Mustang,2009,181,0,100.0,0,100.0,18,31.6,1,96.2,0,100.0,0,100.0,2,92.4,0,100.0,1,96.2,77.2,98.73,96.2,90.71
Ford,Mustang,2010,260,0,100.0,1,96.2,21,20.2,2,92.4,1,96.2,0,100.0,2,92.4,3,88.6,1,96.2,72.13,96.2,92.4,86.91
Ford,Mustang,2011,465,0,100.0,0,100.0,39,5.0,3,88.6,0,100.0,1,96.2,3,88.6,9,65.8,12,54.4,68.33,94.93,69.6,77.62
Ford,Mustang,2012,468,0,100.0,0,100.0,28,5.0,2,92.4,1,96.2,2,92.4,6,77.2,5,81.0,16,39.2,68.33,93.67,65.8,75.93
Ford,Mustang,2013,269,0,100.0,0,100.0,17,35.4,2,92.4,1,96.2,1,96.2,1,96.2,4,84.8,5,81.0,78.47,94.93,87.33,86.91
Ford,Mustang,2014,355,1,96.2,0,100.0,29,5.0,6,77.2,0,100.0,0,100.0,3,88.6,3,88.6,4,84.8,67.07,92.4,87.33,82.27
Ford,Mustang,2015,432,0,100.0,1,96.2,92,5.0,16,39.2,0,100.0,1,96.2,7,73.4,6,77.2,20,24.0,67.07,78.47,58.2,67.91
Ford,Mustang,2016,363,0,100.0,0,100.0,21,20.2,10,62.0,2,92.4,1,96.2,30,5.0,12,54.4,13,50.6,73.4,83.53,36.67,64.53
Ford,Mustang,2017,250,0,100.0,0,100.0,10,62.0,2,92.4,1,96.2,1,96.2,13,50.6,7,73.4,5,81.0,87.33,94.93,68.33,83.53
Ford,Mustang,2018,176,0,100.0,1,96.2,17,35.4,4,84.8,0,100.0,0,100.0,24,8.8,17,35.4,7,73.4,77.2,94.93,39.2,70.44
Ford,Mustang,2019,131,0,100.0,1,96.2,9,65.8,4,84.8,0,100.0,1,96.2,34,5.0,9,65.8,7,73.4,87.33,93.67,48.07,76.36
Ford,Mustang,2020,107,0,100.0,0,100.0,15,43.0,3,88.6,1,96.2,0,100.0,12,54.4,5,81.0,5,81.0,81.0,94.93,72.13,82.69
Ford,Mustang,2021,51,0,100.0,0,100.0,6,77.2,3,88.6,1,96.2,0,100.0,1,96.2,5,81.0,12,54.4,92.4,94.93,77.2,88.18
Ford,Mustang,2022,42,0,100.0,0,100.0,6,77.2,0,100.0,0,100.0,0,100.0,0,100.0,0,100.0,8,69.6,92.4,100.0,89.87,94.09
Ford,Mustang,2024,65,0,100.0,0,100.0,11,58.2,3,88.6,0,100.0,0,100.0,0,100.0,3,88.6,1,96.2,86.07,96.2,94.93,92.4
Ford,Mustang,2025,8,0,100.0,0,100.0,0,100.0,0,100.0,0,100.0,0,100.0,0,100.0,0,100.0,0,100.0,100.0,100.0,100.0,100.0
Ford,Explorer,2000,1133,1,96.2,7,73.4,122,5.0,6,77.2,6,77.2,2,92.4,18,31.6,31,5.0,30,5.0,58.2,82.27,13.87,51.45
Ford,Explorer,2001,765,2,92.4,5,81.0,95,5.0,7,73.4,0,100.0,4,84.8,10,62.0,9,65.8,20,24.0,59.47,86.07,50.6,65.38
Ford,Explorer,2002,3620,9,65.8,225,5.0,373,5.0,31,5.0,3,88.6,4,84.8,32,5.0,91,5.0,84,5.0,25.27,59.47,5.0,29.91
Ford,Explorer,2003,1313,3,88.6,56,5.0,133,5.0,11,58.2,3,88.6,4,84.8,11,58.2,30,5.0,32,5.0,32.87,77.2,22.73,44.27
Ford,Explorer,2004,1408,5,81.0,31,5.0,137,5.0,18,31.6,5,81.0,7,73.4,8,69.6,19,27.8,58,5.0,30.33,62.0,34.13,42.15
Ford,Explorer,2005,567,1,96.2,4,84.8,60,5.0,4,84.8,5,81.0,0,100.0,7,73.4,13,50.6,26,5.0,62.0,88.6,43.0,64.53
Ford,Explorer,2006,635,0,100.0,3,88.6,90,5.0,7,73.4,2,92.4,2,92.4,169,5.0,18,31.6,43,5.0,64.53,86.07,13.87,54.82
Ford,Explorer,2007,208,0,100.0,1,96.2,32,5.0,2,92.4,0,100.0,0,100.0,16,39.2,12,54.4,7,73.4,67.07,97.47,55.67,73.4
Ford,Explorer,2008,146,1,96.2,5,81.0,18,31.6,5,81.0,5,81.0,0,100.0,10,62.0,23,12.6,2,92.4,69.6,87.33,55.67,70.87
Ford,Explorer,2009,33,0,100.0,1,96.2,4,84.8,0,100.0,0,100.0,0,100.0,0,100.0,0,100.0,1,96.2,93.67,100.0,98.73,97.47
Ford,Explorer,2010,115,0,100.0,4,84.8,32,5.0,0,100.0,1,96.2,0,100.0,0,100.0,6,77.2,1,96.2,63.27,98.73,91.13,84.38
Ford,Explorer,2011,1179,1,96.2,1,96.2,54,5.0,13,50.6,5,81.0,0,100.0,37,5.0,16,39.2,46,5.0,65.8,77.2,16.4,53.13
Ford,Explorer,2012,810,0,100.0,0,100.0,46,5.0,12,54.4,2,92.4,0,100.0,9,65.8,12,54.4,27,5.0,68.33,82.27,41.73,64.11
Ford,Explorer,2013,2204,5,81.0,7,73.4,92,5.0,26,5.0,6,77.2,0,100.0,85,5.0,17,35.4,94,5.0,53.13,60.73,15.13,43.0
Ford,Explorer,2014,1651,4,84.8,7,73.4,66,5.0,19,27.8,5,81.0,0,100.0,52,5.0,8,69.6,37,5.0,54.4,69.6,26.53,50.18
Ford,Explorer,2015,1708,4,84.8,7,73.4,54,5.0,17,35.4,6,77.2,0,100.0,55,5.0,9,65.8,17,35.4,54.4,70.87,35.4,53.56
Ford,Explorer,2016,2381,3,88.6,4,84.8,76,5.0,24,8.8,4,84.8,1,96.2,178,5.0,21,20.2,46,5.0,59.47,63.27,10.07,44.27
Ford,Explorer,2017,1606,1,96.2,2,92.4,51,5.0,30,5.0,3,88.6,4,84.8,139,5.0,23,12.6,19,27.8,64.53,59.47,15.13,46.38
Ford,Explorer,2018,675,0,100.0,0,100.0,14,46.8,21,20.2,2,92.4,1,96.2,52,5.0,10,62.0,12,54.4,82.27,69.6,40.47,64.11
Ford,Explorer,2019,268,0,100.0,0,100.0,7,73.4,8,69.6,1,96.2,0,100.0,6,77.2,4,84.8,5,81.0,91.13,88.6,81.0,86.91
Ford,Explorer,2020,1091,26,5.0,3,88.6,160,5.0,24,8.8,5,81.0,3,88.6,18,31.6,8,69.6,27,5.0,32.87,59.47,35.4,42.58
Ford,Explorer,2021,365,4,84.8,2,92.4,38,5.0,8,69.6,3,88.6,3,88.6,6,77.2,4,84.8,11,58.2,60.73,82.27,73.4,72.13
Ford,Explorer,2022,218,1,96.2,0,100.0,23,12.6,7,73.4,2,92.4,0,100.0,3,88.6,1,96.2,14,46.8,69.6,88.6,77.2,78.47
Ford,Explorer,2023,86,0,100.0,0,100.0,10,62.0,2,92.4,0,100.0,0,100.0,1,96.2,3,88.6,4,84.8,87.33,97.47,89.87,91.56
Ford,Explorer,2024,14,0,100.0,0,100.0,0,100.0,0,100.0,0,100.0,0,100.0,0,100.0,0,100.0,0,100.0,100.0,100.0,100.0,100.0
Ford,Explorer,2025,69,0,100.0,0,100.0,15,43.0,2,92.4,0,100.0,0,100.0,0,100.0,1,96.2,3,88.6,81.0,97.47,94.93,91.13
Ford,Focus,2000,3881,12,54.4,160,5.0,537,5.0,130,5.0,26,5.0,19,27.8,47,5.0,1114,5.0,452,5.0,21.47,12.6,5.0,13.02
Ford,Focus,2001,1815,3,88.6,33,5.0,266,5.0,62,5.0,17,35.4,9,65.8,25,5.0,385,5.0,323,5.0,32.87,35.4,5.0,24.42
Ford,Focus,2002,1018,3,88.6,17,35.4,129,5.0,36,5.0,16,39.2,10,62.0,17,35.4,225,5.0,94,5.0,43.0,35.4,15.13,31.18
Ford,Focus,2003,1017,1,96.2,4,84.8,99,5.0,23,12.6,16,39.2,6,77.2,12,54.4,503,5.0,22,16.4,62.0,43.0,25.27,43.42
Ford,Focus,2004,387,1,96.2,1,96.2,60,5.0,12,54.4,5,81.0,2,92.4,6,77.2,168,5.0,12,54.4,65.8,75.93,45.53,62.42
Ford,Focus,2005,440,3,88.6,3,88.6,71,5.0,16,39.2,14,46.8,2,92.4,4,84.8,71,5.0,13,50.6,60.73,59.47,46.8,55.67
Ford,Focus,2006,204,0,100.0,1,96.2,28,5.0,3,88.6,2,92.4,0,100.0,3,88.6,32,5.0,5,81.0,67.07,93.67,58.2,72.98
Ford,Focus,2007,391,1,96.2,5,81.0,51,5.0,29,5.0,36,5.0,1,96.2,3,88.6,22,16.4,6,77.2,60.73,35.4,60.73,52.29
Ford,Focus,2008,249,0,100.0,2,92.4,21,20.2,4,84.8,0,100.0,2,92.4,1,96.2,35,5.0,7,73.4,70.87,92.4,58.2,73.82
Ford,Focus,2009,228,0,100.0,0,100.0,21,20.2,3,88.6,0,100.0,3,88.6,0,100.0,31,5.0,6,77.2,73.4,92.4,60.73,75.51
Ford,Focus,2010,286,1,96.2,2,92.4,20,24.0,5,81.0,0,100.0,1,96.2,4,84.8,18,31.6,13,50.6,70.87,92.4,55.67,72.98
Ford,Focus,2011,112,0,100.0,1,96.2,7,73.4,5,81.0,1,96.2,0,100.0,0,100.0,2,92.4,4,84.8,89.87,92.4,92.4,91.56
Ford,Focus,2012,3777,2,92.4,11,58.2,216,5.0,101,5.0,10,62.0,18,31.6,85,5.0,69,5.0,416,5.0,51.87,32.87,5.0,29.91
Ford,Focus,2013,2098,1,96.2,2,92.4,110,5.0,59,5.0,5,81.0,6,77.2,49,5.0,44,5.0,291,5.0,64.53,54.4,5.0,41.31
Ford,Focus,2014,2625,1,96.2,2,92.4,151,5.0,63,5.0,3,88.6,7,73.4,81,5.0,34,5.0,427,5.0,64.53,55.67,5.0,41.73
Ford,Focus,2015,1006,0,100.0,0,100.0,37,5.0,39,5.0,1,96.2,3,88.6,53,5.0,10,62.0,142,5.0,68.33,63.27,24.0,51.87
Ford,Focus,2016,1176,1,96.2,4,84.8,47,5.0,25,5.0,2,92.4,5,81.0,71,5.0,16,39.2,192,5.0,62.0,59.47,16.4,45.96
Ford,Focus,2017,880,0,100.0,1,96.2,33,5.0,29,5.0,2,92.4,0,100.0,59,5.0,10,62.0,142,5.0,67.07,65.8,24.0,52.29
Ford,Focus,2018,800,1,96.2,0,100.0,48,5.0,28,5.0,1,96.2,4,84.8,57,5.0,7,73.4,123,5.0,67.07,62.0,27.8,52.29
Ford,EcoSport,2018,711,0,100.0,0,100.0,39,5.0,19,27.8,3,88.6,6,77.2,22,16.4,13,50.6,21,20.2,68.33,64.53,29.07,53.98
Ford,EcoSport,2019,439,0,100.0,1,96.2,18,31.6,9,65.8,1,96.2,3,88.6,17,35.4,2,92.4,23,12.6,75.93,83.53,46.8,68.75
Ford,EcoSport,2020,370,0,100.0,0,100.0,27,5.0,10,62.0,0,100.0,0,100.0,10,62.0,4,84.8,17,35.4,68.33,87.33,60.73,72.13
Ford,EcoSport,2021,236,2,92.4,1,96.2,19,27.8,6,77.2,4,84.8,1,96.2,10,62.0,2,92.4,7,73.4,72.13,86.07,75.93,78.04
Ford,EcoSport,2022,10,0,100.0,0,100.0,2,92.4,0,100.0,0,100.0,0,100.0,0,100.0,0,100.0,0,100.0,97.47,100.0,100.0,99.16
Chevrolet,Silverado,2000,2168,1,96.2,17,35.4,1180,5.0,13,50.6,1,96.2,1,96.2,13,50.6,19,27.8,43,5.0,45.53,81.0,27.8,51.44
Chevrolet,Silverado,2001,1841,4,84.8,21,20.2,990,5.0,22,16.4,5,81.0,4,84.8,15,43.0,20,24.0,66,5.0,36.67,60.73,24.0,40.47
Chevrolet,Silverado,2002,1656,6,77.2,12,54.4,983,5.0,12,54.4,2,92.4,3,88.6,11,58.2,25,5.0,61,5.0,45.53,78.47,22.73,48.91
Chevrolet,Silverado,2003,2117,3,88.6,18,31.6,1041,5.0,37,5.0,4,84.8,5,81.0,21,20.2,29,5.0,40,5.0,41.73,56.93,10.07,36.24
Chevrolet,Silverado,2004,1847,6,77.2,12,54.4,777,5.0,18,31.6,8,69.6,2,92.4,38,5.0,32,5.0,31,5.0,45.53,64.53,5.0,38.35
Chevrolet,Silverado,2005,1184,2,92.4,19,27.8,365,5.0,17,35.4,1,96.2,5,81.0,24,8.8,23,12.6,29,5.0,41.73,70.87,8.8,40.47
Chevrolet,Silverado,2006,773,3,88.6,32,5.0,374,5.0,6,77.2,1,96.2,0,100.0,18,31.6,12,54.4,7,73.4,32.87,91.13,53.13,59.04
Chevrolet,Silverado,2007,1054,0,100.0,5,81.0,140,5.0,18,31.6,2,92.4,4,84.8,8,69.6,20,24.0,21,20.2,62.0,69.6,37.93,56.51
Chevrolet,Silverado,2008,1073,0,100.0,1,96.2,59,5.0,17,35.4,3,88.6,5,81.0,9,65.8,25,5.0,23,12.6,67.07,68.33,27.8,54.4
Chevrolet,Tahoe,2000,302,0,100.0,1,96.2,147,5.0,3,88.6,0,100.0,1,96.2,2,92.4,6,77.2,9,65.8,67.07,94.93,78.47,80.16
Chevrolet,Tahoe,2001,521,1,96.2,3,88.6,283,5.0,16,39.2,0,100.0,0,100.0,3,88.6,11,58.2,6,77.2,63.27,79.73,74.67,72.56
Chevrolet,Tahoe,2002,462,1,96.2,6,77.2,189,5.0,10,62.0,0,100.0,2,92.4,3,88.6,9,65.8,19,27.8,59.47,84.8,60.73,68.33
Chevrolet,Tahoe,2003,534,0,100.0,2,92.4,116,5.0,6,77.2,3,88.6,1,96.2,4,84.8,13,50.6,19,27.8,65.8,87.33,54.4,69.18
Chevrolet,Tahoe,2004,466,0,100.0,2,92.4,94,5.0,9,65.8,1,96.2,1,96.2,19,27.8,7,73.4,11,58.2,65.8,86.07,53.13,68.33
Chevrolet,Tahoe,2005,291,0,100.0,2,92.4,35,5.0,2,92.4,0,100.0,0,100.0,8,69.6,6,77.2,10,62.0,65.8,97.47,69.6,77.62
Chevrolet,Tahoe,2006,114,0,100.0,0,100.0,14,46.8,2,92.4,1,96.2,0,100.0,1,96.2,1,96.2,2,92.4,82.27,96.2,94.93,91.13
Chevrolet,Tahoe,2007,1176,0,100.0,3,88.6,39,5.0,34,5.0,3,88.6,4,84.8,3,88.6,20,24.0,17,35.4,64.53,59.47,49.33,57.78
Chevrolet,Tahoe,2008,585,1,96.2,0,100.0,31,5.0,21,20.2,5,81.0,4,84.8,0,100.0,10,62.0,11,58.2,67.07,62.0,73.4,67.49
Chevrolet,Tahoe,2009,303,0,100.0,2,92.4,21,20.2,9,65.8,2,92.4,0,100.0,3,88.6,6,77.2,12,54.4,70.87,86.07,73.4,76.78
Chevrolet,Tahoe,2010,319,0,100.0,0,100.0,9,65.8,4,84.8,0,100.0,2,92.4,0,100.0,2,92.4,1,96.2,88.6,92.4,96.2,92.4
Chevrolet,Tahoe,2011,456,0,100.0,0,100.0,20,24.0,3,88.6,2,92.4,0,100.0,0,100.0,5,81.0,4,84.8,74.67,93.67,88.6,85.65
Chevrolet,Tahoe,2012,179,0,100.0,0,100.0,10,62.0,1,96.2,1,96.2,0,100.0,0,100.0,1,96.2,2,92.4,87.33,97.47,96.2,93.67
Chevrolet,Tahoe,2013,231,0,100.0,1,96.2,7,73.4,1,96.2,1,96.2,0,100.0,1,96.2,2,92.4,5,81.0,89.87,97.47,89.87,92.4
Chevrolet,Tahoe,2014,93,0,100.0,0,100.0,13,50.6,5,81.0,1,96.2,0,100.0,0,100.0,1,96.2,3,88.6,83.53,92.4,94.93,90.29
Chevrolet,Tahoe,2015,654,0,100.0,0,100.0,251,5.0,19,27.8,3,88.6,0,100.0,7,73.4,10,62.0,21,20.2,68.33,72.13,51.87,64.11
Chevrolet,Tahoe,2016,252,0,100.0,0,100.0,101,5.0,4,84.8,1,96.2,0,100.0,2,92.4,6,77.2,7,73.4,68.33,93.67,81.0,81.0
Chevrolet,Tahoe,2017,164,0,100.0,0,100.0,51,5.0,2,92.4,2,92.4,0,100.0,1,96.2,7,73.4,9,65.8,68.33,94.93,78.47,80.58
Chevrolet,Tahoe,2018,90,0,100.0,0,100.0,27,5.0,5,81.0,0,100.0,0,100.0,2,92.4,2,92.4,4,84.8,68.33,93.67,89.87,83.96
Chevrolet,Tahoe,2019,98,0,100.0,0,100.0,12,54.4,0,100.0,0,100.0,0,100.0,2,92.4,3,88.6,24,8.8,84.8,100.0,63.27,82.69
Chevrolet,Tahoe,2020,46,0,100.0,0,100.0,6,77.2,2,92.4,0,100.0,0,100.0,1,96.2,1,96.2,3,88.6,92.4,97.47,93.67,94.51
Chevrolet,Tahoe,2021,386,0,100.0,1,96.2,27,5.0,20,24.0,2,92.4,6,77.2,7,73.4,11,58.2,93,5.0,67.07,64.53,45.53,59.04
Chevrolet,Tahoe,2022,158,0,100.0,0,100.0,18,31.6,12,54.4,0,100.0,3,88.6,5,81.0,3,88.6,8,69.6,77.2,81.0,79.73,79.31
Chevrolet,Tahoe,2023,172,1,96.2,0,100.0,27,5.0,7,73.4,1,96.2,1,96.2,1,96.2,2,92.4,9,65.8,67.07,88.6,84.8,80.16
Chevrolet,Tahoe,2024,55,0,100.0,0,100.0,11,58.2,4,84.8,0,100.0,0,100.0,0,100.0,1,96.2,1,96.2,86.07,94.93,97.47,92.82
Chevrolet,Tahoe,2025,22,0,100.0,0,100.0,11,58.2,0,100.0,0,100.0,0,100.0,0,100.0,1,96.2,0,100.0,86.07,100.0,98.73,94.93
Chevrolet,Trax,2013,0,0,100.0,0,100.0,0,100.0,0,100.0,0,100.0,0,100.0,0,100.0,0,100.0,0,100.0,100.0,100.0,100.0,100.0
Chevrolet,Trax,2014,0,0,100.0,0,100.0,0,100.0,0,100.0,0,100.0,0,100.0,0,100.0,0,100.0,0,100.0,100.0,100.0,100.0,100.0
Chevrolet,Trax,2015,94,0,100.0,0,100.0,13,50.6,4,84.8,1,96.2,2,92.4,6,77.2,7,73.4,2,92.4,83.53,91.13,81.0,85.22
Chevrolet,Trax,2016,111,0,100.0,0,100.0,11,58.2,3,88.6,0,100.0,0,100.0,7,73.4,8,69.6,11,58.2,86.07,96.2,67.07,83.11
Chevrolet,Trax,2017,107,0,100.0,0,100.0,9,65.8,2,92.4,0,100.0,1,96.2,11,58.2,0,100.0,6,77.2,88.6,96.2,78.47,87.76
Chevrolet,Trax,2018,95,1,96.2,0,100.0,10,62.0,4,84.8,2,92.4,0,100.0,9,65.8,0,100.0,5,81.0,86.07,92.4,82.27,86.91
Chevrolet,Trax,2019,130,0,100.0,0,100.0,14,46.8,4,84.8,0,100.0,0,100.0,8,69.6,1,96.2,2,92.4,82.27,94.93,86.07,87.76
Chevrolet,Trax,2020,84,0,100.0,0,100.0,15,43.0,3,88.6,1,96.2,0,100.0,9,65.8,3,88.6,5,81.0,81.0,94.93,78.47,84.8
Chevrolet,Trax,2021,20,0,100.0,0,100.0,7,73.4,1,96.2,1,96.2,0,100.0,2,92.4,1,96.2,1,96.2,91.13,97.47,94.93,94.51
Chevrolet,Trax,2022,9,0,100.0,0,100.0,1,96.2,1,96.2,0,100.0,0,100.0,0,100.0,1,96.2,1,96.2,98.73,98.73,97.47,98.31
Chevrolet,Trax,2023,0,0,100.0,0,100.0,0,100.0,0,100.0,0,100.0,0,100.0,0,100.0,0,100.0,0,100.0,100.0,100.0,100.0,100.0
Chevrolet,Trax,2024,141,0,100.0,0,100.0,17,35.4,3,88.6,0,100.0,0,100.0,4,84.8,4,84.8,3,88.6,78.47,96.2,86.07,86.91
Chevrolet,Trax,2025,65,0,100.0,0,100.0,9,65.8,2,92.4,0,100.0,0,100.0,0,100.0,0,100.0,4,84.8,88.6,97.47,94.93,93.67
Chevrolet,Malibu,2000,979,1,96.2,3,88.6,249,5.0,27,5.0,6,77.2,7,73.4,82,5.0,98,5.0,72,5.0,63.27,51.87,5.0,40.05
Chevrolet,Malibu,2001,749,2,92.4,6,77.2,115,5.0,15,43.0,5,81.0,14,46.8,71,5.0,145,5.0,51,5.0,58.2,56.93,5.0,40.04
Chevrolet,Malibu,2002,596,3,88.6,4,84.8,79,5.0,27,5.0,5,81.0,6,77.2,44,5.0,132,5.0,37,5.0,59.47,54.4,5.0,39.62
Chevrolet,Malibu,2003,610,0,100.0,4,84.8,114,5.0,22,16.4,4,84.8,7,73.4,20,24.0,160,5.0,53,5.0,63.27,58.2,11.33,44.27
Chevrolet,Malibu,2004,1697,3,88.6,2,92.4,141,5.0,27,5.0,3,88.6,6,77.2,17,35.4,110,5.0,78,5.0,62.0,56.93,15.13,44.69
Chevrolet,Malibu,2005,1393,5,81.0,1,96.2,170,5.0,26,5.0,5,81.0,17,35.4,20,24.0,91,5.0,78,5.0,60.73,40.47,11.33,37.51
Chevrolet,Malibu,2006,1385,2,92.4,1,96.2,173,5.0,23,12.6,10,62.0,9,65.8,8,69.6,45,5.0,91,5.0,64.53,46.8,26.53,45.95
Chevrolet,Malibu,2007,991,2,92.4,1,96.2,100,5.0,12,54.4,0,100.0,3,88.6,6,77.2,35,5.0,42,5.0,64.53,81.0,29.07,58.2
Chevrolet,Malibu,2008,1011,1,96.2,4,84.8,147,5.0,20,24.0,4,84.8,9,65.8,7,73.4,40,5.0,52,5.0,62.0,58.2,27.8,49.33
Chevrolet,Malibu,2009,1507,2,92.4,7,73.4,258,5.0,34,5.0,9,65.8,8,69.6,8,69.6,52,5.0,66,5.0,56.93,46.8,26.53,43.42
Chevrolet,Malibu,2010,1356,3,88.6,4,84.8,319,5.0,30,5.0,5,81.0,2,92.4,9,65.8,28,5.0,56,5.0,59.47,59.47,25.27,48.07
Chevrolet,Malibu,2011,971,0,100.0,4,84.8,98,5.0,36,5.0,7,73.4,6,77.2,10,62.0,30,5.0,53,5.0,63.27,51.87,24.0,46.38
Chevrolet,Malibu,2012,904,1,96.2,1,96.2,96,5.0,38,5.0,4,84.8,9,65.8,10,62.0,30,5.0,73,5.0,65.8,51.87,24.0,47.22
Chevrolet,Malibu,2013,916,0,100.0,18,31.6,91,5.0,154,5.0,41,5.0,7,73.4,31,5.0,50,5.0,72,5.0,45.53,27.8,5.0,26.11
Chevrolet,Malibu,2014,361,0,100.0,17,35.4,82,5.0,30,5.0,2,92.4,1,96.2,7,73.4,21,20.2,27,5.0,46.8,64.53,32.87,48.07
Chevrolet,Malibu,2015,264,0,100.0,0,100.0,31,5.0,17,35.4,5,81.0,1,96.2,2,92.4,13,50.6,12,54.4,68.33,70.87,65.8,68.33
Chevrolet,Malibu,2016,848,2,92.4,4,84.8,154,5.0,74,5.0,13,50.6,6,77.2,12,54.4,30,5.0,34,5.0,60.73,44.27,21.47,42.16
Chevrolet,Malibu,2017,711,0,100.0,0,100.0,95,5.0,63,5.0,5,81.0,4,84.8,4,84.8,17,35.4,30,5.0,68.33,56.93,41.73,55.66
Chevrolet,Malibu,2018,670,0,100.0,1,96.2,88,5.0,56,5.0,2,92.4,4,84.8,4,84.8,7,73.4,50,5.0,67.07,60.73,54.4,60.73
Chevrolet,Malibu,2019,184,0,100.0,0,100.0,35,5.0,24,8.8,1,96.2,1,96.2,2,92.4,6,77.2,14,46.8,68.33,67.07,72.13,69.18
Chevrolet,Malibu,2020,181,0,100.0,0,100.0,47,5.0,17,35.4,2,92.4,0,100.0,0,100.0,4,84.8,11,58.2,68.33,75.93,81.0,75.09
Chevrolet,Malibu,2021,63,0,100.0,0,100.0,10,62.0,8,69.6,0,100.0,1,96.2,0,100.0,3,88.6,3,88.6,87.33,88.6,92.4,89.44
Chevrolet,Malibu,2022,70,0,100.0,0,100.0,5,81.0,2,92.4,0,100.0,0,100.0,2,92.4,0,100.0,5,81.0,93.67,97.47,91.13,94.09
Chevrolet,Malibu,2023,24,0,100.0,0,100.0,4,84.8,3,88.6,0,100.0,0,100.0,0,100.0,2,92.4,1,96.2,94.93,96.2,96.2,95.78
Chevrolet,Malibu,2024,8,0,100.0,0,100.0,3,88.6,0,100.0,0,100.0,0,100.0,0,100.0,0,100.0,0,100.0,96.2,100.0,100.0,98.73
Chevrolet,Malibu,2025,3,0,100.0,0,100.0,0,100.0,0,100.0,0,100.0,0,100.0,0,100.0,0,100.0,0,100.0,100.0,100.0,100.0,100.0
Chevrolet,Cruze,2009,0,0,100.0,0,100.0,0,100.0,0,100.0,0,100.0,0,100.0,0,100.0,0,100.0,0,100.0,100.0,100.0,100.0,100.0
Chevrolet,Cruze,2010,2,0,100.0,0,100.0,0,100.0,0,100.0,0,100.0,0,100.0,0,100.0,0,100.0,0,100.0,100.0,100.0,100.0,100.0
Chevrolet,Cruze,2011,728,0,100.0,3,88.6,113,5.0,27,5.0,4,84.8,0,100.0,101,5.0,31,5.0,55,5.0,64.53,63.27,5.0,44.27
Chevrolet,Cruze,2012,860,1,96.2,1,96.2,198,5.0,41,5.0,5,81.0,3,88.6,133,5.0,32,5.0,41,5.0,65.8,58.2,5.0,43.0
Chevrolet,Cruze,2013,584,12,54.4,0,100.0,82,5.0,18,31.6,6,77.2,2,92.4,118,5.0,47,5.0,18,31.6,53.13,67.07,13.87,44.69
Chevrolet,Cruze,2014,690,8,69.6,1,96.2,60,5.0,53,5.0,9,65.8,10,62.0,92,5.0,44,5.0,22,16.4,56.93,44.27,8.8,36.67
Chevrolet,Cruze,2015,250,1,96.2,2,92.4,32,5.0,16,39.2,1,96.2,1,96.2,63,5.0,15,43.0,20,24.0,64.53,77.2,24.0,55.24
Chevrolet,Cruze,2016,242,0,100.0,0,100.0,38,5.0,17,35.4,2,92.4,4,84.8,43,5.0,10,62.0,15,43.0,68.33,70.87,36.67,58.62
Chevrolet,Cruze,2017,198,0,100.0,0,100.0,43,5.0,14,46.8,1,96.2,1,96.2,0,100.0,18,31.6,17,35.4,68.33,79.73,55.67,67.91
Chevrolet,Cruze,2018,107,0,100.0,0,100.0,16,39.2,1,96.2,0,100.0,0,100.0,1,96.2,7,73.4,6,77.2,79.73,98.73,82.27,86.91
Chevrolet,Cruze,2019,18,0,100.0,0,100.0,2,92.4,0,100.0,0,100.0,0,100.0,0,100.0,0,100.0,1,96.2,97.47,100.0,98.73,98.73
Hyundai,Ioniq,2020,1,0,100.0,0,100.0,0,100.0,1,96.2,0,100.0,0,100.0,1,96.2,0,100.0,0,100.0,100.0,98.73,98.73,99.15
Hyundai,Palisade,2020,471,0,100.0,1,96.2,37,5.0,5,81.0,3,88.6,0,100.0,4,84.8,7,73.4,20,24.0,67.07,89.87,60.73,72.56
Hyundai,Palisade,2021,375,1,96.2,0,100.0,22,16.4,1,96.2,1,96.2,1,96.2,3,88.6,4,84.8,12,54.4,70.87,96.2,75.93,81.0
Hyundai,Palisade,2022,260,0,100.0,0,100.0,17,35.4,3,88.6,2,92.4,1,96.2,17,35.4,3,88.6,7,73.4,78.47,92.4,65.8,78.89
Hyundai,Palisade,2023,349,0,100.0,0,100.0,101,5.0,7,73.4,0,100.0,1,96.2,0,100.0,4,84.8,13,50.6,68.33,89.87,78.47,78.89
Hyundai,Palisade,2024,334,0,100.0,0,100.0,210,5.0,2,92.4,0,100.0,0,100.0,1,96.2,0,100.0,3,88.6,68.33,97.47,94.93,86.91
Hyundai,Palisade,2025,177,0,100.0,0,100.0,88,5.0,0,100.0,0,100.0,0,100.0,0,100.0,2,92.4,1,96.2,68.33,100.0,96.2,88.18
Hyundai,Tucson,2004,0,0,100.0,0,100.0,0,100.0,0,100.0,0,100.0,0,100.0,0,100.0,0,100.0,0,100.0,100.0,100.0,100.0,100.0
Hyundai,Tucson,2005,185,1,96.2,0,100.0,34,5.0,10,62.0,3,88.6,1,96.2,2,92.4,10,62.0,10,62.0,67.07,82.27,72.13,73.82
Hyundai,Tucson,2006,135,0,100.0,0,100.0,31,5.0,9,65.8,4,84.8,2,92.4,3,88.6,1,96.2,11,58.2,68.33,81.0,81.0,76.78
Hyundai,Tucson,2007,65,0,100.0,0,100.0,15,43.0,2,92.4,0,100.0,1,96.2,0,100.0,0,100.0,3,88.6,81.0,96.2,96.2,91.13
Hyundai,Tucson,2008,43,0,100.0,0,100.0,10,62.0,0,100.0,0,100.0,0,100.0,1,96.2,0,100.0,1,96.2,87.33,100.0,97.47,94.93
Hyundai,Tucson,2009,18,0,100.0,0,100.0,2,92.4,0,100.0,0,100.0,0,100.0,0,100.0,0,100.0,0,100.0,97.47,100.0,100.0,99.16
Hyundai,Tucson,2010,57,0,100.0,0,100.0,19,27.8,1,96.2,0,100.0,0,100.0,0,100.0,0,100.0,1,96.2,75.93,98.73,98.73,91.13
Hyundai,Tucson,2011,123,0,100.0,0,100.0,39,5.0,2,92.4,1,96.2,2,92.4,0,100.0,5,81.0,4,84.8,68.33,93.67,88.6,83.53
Hyundai,Tucson,2012,252,0,100.0,0,100.0,40,5.0,6,77.2,4,84.8,5,81.0,0,100.0,4,84.8,5,81.0,68.33,81.0,88.6,79.31
Hyundai,Tucson,2013,261,0,100.0,0,100.0,41,5.0,12,54.4,1,96.2,1,96.2,4,84.8,1,96.2,8,69.6,68.33,82.27,83.53,78.04
Hyundai,Tucson,2014,200,0,100.0,0,100.0,57,5.0,7,73.4,1,96.2,3,88.6,1,96.2,5,81.0,7,73.4,68.33,86.07,83.53,79.31
Hyundai,Tucson,2015,223,0,100.0,0,100.0,68,5.0,7,73.4,1,96.2,5,81.0,1,96.2,4,84.8,11,58.2,68.33,83.53,79.73,77.2
Hyundai,Tucson,2016,1591,1,96.2,0,100.0,128,5.0,20,24.0,1,96.2,1,96.2,37,5.0,35,5.0,129,5.0,67.07,72.13,5.0,48.07
Hyundai,Tucson,2017,1056,0,100.0,0,100.0,89,5.0,14,46.8,4,84.8,3,88.6,10,62.0,55,5.0,141,5.0,68.33,73.4,24.0,55.24
Hyundai,Tucson,2018,370,0,100.0,0,100.0,47,5.0,8,69.6,3,88.6,3,88.6,8,69.6,10,62.0,36,5.0,68.33,82.27,45.53,65.38
Hyundai,Tucson,2019,355,0,100.0,1,96.2,117,5.0,6,77.2,0,100.0,0,100.0,8,69.6,10,62.0,19,27.8,67.07,92.4,53.13,70.87
Hyundai,Tucson,2020,159,0,100.0,0,100.0,52,5.0,3,88.6,1,96.2,0,100.0,1,96.2,7,73.4,3,88.6,68.33,94.93,86.07,83.11
Hyundai,Tucson,2021,62,0,100.0,0,100.0,17,35.4,1,96.2,0,100.0,0,100.0,1,96.2,3,88.6,6,77.2,78.47,98.73,87.33,88.18
Hyundai,Tucson,2022,341,0,100.0,0,100.0,53,5.0,15,43.0,2,92.4,1,96.2,4,84.8,33,5.0,121,5.0,68.33,77.2,31.6,59.04
Hyundai,Tucson,2023,108,0,100.0,0,100.0,33,5.0,5,81.0,0,100.0,0,100.0,0,100.0,4,84.8,9,65.8,68.33,93.67,83.53,81.84
Hyundai,Tucson,2024,68,0,100.0,0,100.0,26,5.0,2,92.4,0,100.0,0,100.0,2,92.4,2,92.4,0,100.0,68.33,97.47,94.93,86.91
Hyundai,Tucson,2025,190,0,100.0,0,100.0,57,5.0,3,88.6,0,100.0,0,100.0,1,96.2,1,96.2,2,92.4,68.33,96.2,94.93,86.49
Hyundai,Sonata,2000,282,5,81.0,10,62.0,18,31.6,8,69.6,4,84.8,1,96.2,1,96.2,6,77.2,16,39.2,58.2,83.53,70.87,70.87
Hyundai,Sonata,2001,223,2,92.4,2,92.4,29,5.0,1,96.2,0,100.0,0,100.0,1,96.2,6,77.2,6,77.2,63.27,98.73,83.53,81.84
Hyundai,Sonata,2002,325,4,84.8,3,88.6,36,5.0,8,69.6,4,84.8,1,96.2,3,88.6,5,81.0,10,62.0,59.47,83.53,77.2,73.4
Hyundai,Sonata,2003,198,2,92.4,1,96.2,24,8.8,6,77.2,2,92.4,0,100.0,0,100.0,2,92.4,7,73.4,65.8,89.87,88.6,81.42
Hyundai,Sonata,2004,201,3,88.6,1,96.2,27,5.0,2,92.4,1,96.2,0,100.0,2,92.4,4,84.8,7,73.4,63.27,96.2,83.53,81.0
Hyundai,Sonata,2005,165,1,96.2,0,100.0,33,5.0,2,92.4,0,100.0,1,96.2,1,96.2,4,84.8,3,88.6,67.07,96.2,89.87,84.38
Hyundai,Sonata,2006,1047,1,96.2,3,88.6,168,5.0,33,5.0,22,16.4,1,96.2,6,77.2,27,5.0,12,54.4,63.27,39.2,45.53,49.33
Hyundai,Sonata,2007,696,0,100.0,1,96.2,131,5.0,18,31.6,14,46.8,1,96.2,6,77.2,8,69.6,8,69.6,67.07,58.2,72.13,65.8
Hyundai,Sonata,2008,425,0,100.0,1,96.2,85,5.0,12,54.4,14,46.8,3,88.6,7,73.4,10,62.0,4,84.8,67.07,63.27,73.4,67.91
Hyundai,Sonata,2009,459,1,96.2,0,100.0,133,5.0,13,50.6,8,69.6,11,58.2,3,88.6,23,12.6,11,58.2,67.07,59.47,53.13,59.89
Hyundai,Sonata,2010,345,0,100.0,0,100.0,41,5.0,5,81.0,2,92.4,8,69.6,3,88.6,8,69.6,8,69.6,68.33,81.0,75.93,75.09
Hyundai,Sonata,2011,3357,6,77.2,4,84.8,433,5.0,98,5.0,32,5.0,84,5.0,35,5.0,73,5.0,116,5.0,55.67,5.0,5.0,21.89
Hyundai,Sonata,2012,1541,6,77.2,0,100.0,286,5.0,94,5.0,18,31.6,24,8.8,20,24.0,16,39.2,85,5.0,60.73,15.13,22.73,32.86
Hyundai,Sonata,2013,1872,4,84.8,3,88.6,323,5.0,84,5.0,8,69.6,29,5.0,30,5.0,29,5.0,146,5.0,59.47,26.53,5.0,30.33
Hyundai,Sonata,2014,735,1,96.2,0,100.0,137,5.0,44,5.0,10,62.0,8,69.6,12,54.4,15,43.0,71,5.0,67.07,45.53,34.13,48.91
Hyundai,Sonata,2015,1100,4,84.8,0,100.0,142,5.0,41,5.0,12,54.4,14,46.8,18,31.6,45,5.0,117,5.0,63.27,35.4,13.87,37.51
Hyundai,Sonata,2016,697,2,92.4,1,96.2,69,5.0,27,5.0,4,84.8,4,84.8,19,27.8,45,5.0,55,5.0,64.53,58.2,12.6,45.11
Hyundai,Sonata,2017,740,1,96.2,0,100.0,46,5.0,20,24.0,2,92.4,5,81.0,9,65.8,59,5.0,45,5.0,67.07,65.8,25.27,52.71
Hyundai,Sonata,2018,351,2,92.4,0,100.0,34,5.0,13,50.6,4,84.8,20,24.0,5,81.0,28,5.0,27,5.0,65.8,53.13,30.33,49.75
Hyundai,Sonata,2019,141,0,100.0,1,96.2,8,69.6,3,88.6,1,96.2,1,96.2,2,92.4,8,69.6,9,65.8,88.6,93.67,75.93,86.07
Hyundai,Sonata,2020,151,0,100.0,0,100.0,12,54.4,3,88.6,0,100.0,1,96.2,4,84.8,2,92.4,15,43.0,84.8,94.93,73.4,84.38
Hyundai,Sonata,2021,110,0,100.0,0,100.0,11,58.2,5,81.0,0,100.0,1,96.2,6,77.2,2,92.4,19,27.8,86.07,92.4,65.8,81.42
Hyundai,Sonata,2022,79,0,100.0,1,96.2,9,65.8,2,92.4,0,100.0,0,100.0,5,81.0,3,88.6,14,46.8,87.33,97.47,72.13,85.64
Hyundai,Sonata,2023,79,0,100.0,0,100.0,12,54.4,5,81.0,0,100.0,0,100.0,2,92.4,9,65.8,31,5.0,84.8,93.67,54.4,77.62
Hyundai,Sonata,2024,35,0,100.0,0,100.0,2,92.4,1,96.2,1,96.2,0,100.0,0,100.0,0,100.0,1,96.2,97.47,97.47,98.73,97.89
Hyundai,Sonata,2025,10,0,100.0,0,100.0,3,88.6,0,100.0,0,100.0,0,100.0,0,100.0,0,100.0,0,100.0,96.2,100.0,100.0,98.73
Hyundai,Elantra,2000,212,0,100.0,0,100.0,16,39.2,0,100.0,0,100.0,0,100.0,8,69.6,6,77.2,25,5.0,79.73,100.0,50.6,76.78
Hyundai,Elantra,2001,330,4,84.8,3,88.6,47,5.0,5,81.0,3,88.6,0,100.0,6,77.2,9,65.8,7,73.4,59.47,89.87,72.13,73.82
Hyundai,Elantra,2002,349,3,88.6,2,92.4,51,5.0,4,84.8,1,96.2,0,100.0,2,92.4,5,81.0,10,62.0,62.0,93.67,78.47,78.05
Hyundai,Elantra,2003,234,4,84.8,2,92.4,57,5.0,0,100.0,1,96.2,0,100.0,8,69.6,4,84.8,7,73.4,60.73,98.73,75.93,78.46
Hyundai,Elantra,2004,182,0,100.0,0,100.0,21,20.2,0,100.0,1,96.2,0,100.0,2,92.4,2,92.4,4,84.8,73.4,98.73,89.87,87.33
Hyundai,Elantra,2005,137,0,100.0,0,100.0,24,8.8,2,92.4,1,96.2,0,100.0,0,100.0,4,84.8,4,84.8,69.6,96.2,89.87,85.22
Hyundai,Elantra,2006,155,0,100.0,0,100.0,61,5.0,4,84.8,0,100.0,0,100.0,4,84.8,2,92.4,4,84.8,68.33,94.93,87.33,83.53
Hyundai,Elantra,2007,265,1,96.2,0,100.0,61,5.0,4,84.8,0,100.0,0,100.0,1,96.2,6,77.2,10,62.0,67.07,94.93,78.47,80.16
Hyundai,Elantra,2008,314,1,96.2,1,96.2,98,5.0,13,50.6,1,96.2,2,92.4,6,77.2,8,69.6,44,5.0,65.8,79.73,50.6,65.38
Hyundai,Elantra,2009,279,0,100.0,0,100.0,51,5.0,10,62.0,1,96.2,0,100.0,3,88.6,8,69.6,5,81.0,68.33,86.07,79.73,78.04
Hyundai,Elantra,2010,447,0,100.0,0,100.0,67,5.0,11,58.2,3,88.6,0,100.0,3,88.6,15,43.0,10,62.0,68.33,82.27,64.53,71.71
Hyundai,Elantra,2011,459,1,96.2,2,92.4,73,5.0,19,27.8,5,81.0,6,77.2,4,84.8,12,54.4,9,65.8,64.53,62.0,68.33,64.95
Hyundai,Elantra,2012,667,3,88.6,2,92.4,128,5.0,52,5.0,6,77.2,15,43.0,5,81.0,30,5.0,19,27.8,62.0,41.73,37.93,47.22
Hyundai,Elantra,2013,1312,2,92.4,3,88.6,316,5.0,52,5.0,11,58.2,10,62.0,10,62.0,29,5.0,32,5.0,62.0,41.73,24.0,42.58
Hyundai,Elantra,2014,375,0,100.0,1,96.2,96,5.0,29,5.0,4,84.8,6,77.2,4,84.8,15,43.0,20,24.0,67.07,55.67,50.6,57.78
Hyundai,Elantra,2015,254,1,96.2,0,100.0,66,5.0,12,54.4,3,88.6,0,100.0,5,81.0,10,62.0,22,16.4,67.07,81.0,53.13,67.07
Hyundai,Elantra,2016,279,1,96.2,1,96.2,24,8.8,11,58.2,2,92.4,3,88.6,3,88.6,5,81.0,22,16.4,67.07,79.73,62.0,69.6
Hyundai,Elantra,2017,750,0,100.0,0,100.0,67,5.0,29,5.0,1,96.2,3,88.6,20,24.0,71,5.0,66,5.0,68.33,63.27,11.33,47.64
Hyundai,Elantra,2018,265,0,100.0,0,100.0,27,5.0,12,54.4,2,92.4,2,92.4,9,65.8,28,5.0,24,8.8,68.33,79.73,26.53,58.2
Hyundai,Elantra,2019,232,0,100.0,0,100.0,10,62.0,8,69.6,3,88.6,1,96.2,2,92.4,10,62.0,19,27.8,87.33,84.8,60.73,77.62
Hyundai,Elantra,2020,222,0,100.0,0,100.0,16,39.2,4,84.8,0,100.0,3,88.6,2,92.4,3,88.6,14,46.8,79.73,91.13,75.93,82.26
Hyundai,Elantra,2021,123,0,100.0,0,100.0,15,43.0,1,96.2,0,100.0,1,96.2,4,84.8,0,100.0,1,96.2,81.0,97.47,93.67,90.71
Hyundai,Elantra,2022,90,0,100.0,0,100.0,9,65.8,1,96.2,0,100.0,0,100.0,1,96.2,1,96.2,4,84.8,88.6,98.73,92.4,93.24
Hyundai,Elantra,2023,83,0,100.0,0,100.0,13,50.6,4,84.8,0,100.0,1,96.2,4,84.8,2,92.4,2,92.4,83.53,93.67,89.87,89.02
Hyundai,Elantra,2024,48,0,100.0,0,100.0,6,77.2,1,96.2,0,100.0,0,100.0,1,96.2,0,100.0,1,96.2,92.4,98.73,97.47,96.2
Hyundai,Elantra,2025,16,0,100.0,0,100.0,3,88.6,0,100.0,0,100.0,0,100.0,0,100.0,0,100.0,0,100.0,96.2,100.0,100.0,98.73
